Date,Tests,Confirmed,CountyKey,FIPS,Admin2,Province_State,Confirmed_r,Deaths,Date_r,countyFIPS,County Name,State,population,County
2020-07-06,99.0,0,"Champaign, Illinois, US",17019.0,Champaign,Illinois,960,15,2020-07-06,17019.0,Champaign County,Illinois,209689.0,Champaign
2020-07-07,335.0,0,"Champaign, Illinois, US",17019.0,Champaign,Illinois,973,15,2020-07-07,17019.0,Champaign County,Illinois,209689.0,Champaign
2020-07-08,933.0,2,"Champaign, Illinois, US",17019.0,Champaign,Illinois,992,17,2020-07-08,17019.0,Champaign County,Illinois,209689.0,Champaign
2020-07-09,1652.0,3,"Champaign, Illinois, US",17019.0,Champaign,Illinois,1010,17,2020-07-09,17019.0,Champaign County,Illinois,209689.0,Champaign
2020-07-10,2382.0,8,"Champaign, Illinois, US",17019.0,Champaign,Illinois,1018,17,2020-07-10,17019.0,Champaign County,Illinois,209689.0,Champaign
2020-07-11,2382.0,8,"Champaign, Illinois, US",17019.0,Champaign,Illinois,1038,17,2020-07-11,17019.0,Champaign County,Illinois,209689.0,Champaign
2020-07-12,2382.0,8,"Champaign, Illinois, US",17019.0,Champaign,Illinois,1040,17,2020-07-12,17019.0,Champaign County,Illinois,209689.0,Champaign
2020-07-13,3051.0,10,"Champaign, Illinois, US",17019.0,Champaign,Illinois,1041,17,2020-07-13,17019.0,Champaign County,Illinois,209689.0,Champaign
2020-07-14,3679.0,12,"Champaign, Illinois, US",17019.0,Champaign,Illinois,1057,17,2020-07-14,17019.0,Champaign County,Illinois,209689.0,Champaign
2020-07-15,4217.0,18,"Champaign, Illinois, US",17019.0,Champaign,Illinois,1089,17,2020-07-15,17019.0,Champaign County,Illinois,209689.0,Champaign
2020-07-16,4834.0,25,"Champaign, Illinois, US",17019.0,Champaign,Illinois,1121,17,2020-07-16,17019.0,Champaign County,Illinois,209689.0,Champaign
2020-07-17,5559.0,28,"Champaign, Illinois, US",17019.0,Champaign,Illinois,1165,17,2020-07-17,17019.0,Champaign County,Illinois,209689.0,Champaign
2020-07-18,5559.0,28,"Champaign, Illinois, US",17019.0,Champaign,Illinois,1203,17,2020-07-18,17019.0,Champaign County,Illinois,209689.0,Champaign
2020-07-19,5559.0,28,"Champaign, Illinois, US",17019.0,Champaign,Illinois,1209,17,2020-07-19,17019.0,Champaign County,Illinois,209689.0,Champaign
2020-07-20,6399.0,31,"Champaign, Illinois, US",17019.0,Champaign,Illinois,1249,17,2020-07-20,17019.0,Champaign County,Illinois,209689.0,Champaign
2020-07-21,6906.0,34,"Champaign, Illinois, US",17019.0,Champaign,Illinois,1263,17,2020-07-21,17019.0,Champaign County,Illinois,209689.0,Champaign
2020-07-22,7538.0,37,"Champaign, Illinois, US",17019.0,Champaign,Illinois,1293,17,2020-07-22,17019.0,Champaign County,Illinois,209689.0,Champaign
2020-07-23,8290.0,43,"Champaign, Illinois, US",17019.0,Champaign,Illinois,1318,17,2020-07-23,17019.0,Champaign County,Illinois,209689.0,Champaign
2020-07-24,9128.0,46,"Champaign, Illinois, US",17019.0,Champaign,Illinois,1350,17,2020-07-24,17019.0,Champaign County,Illinois,209689.0,Champaign
2020-07-25,9128.0,46,"Champaign, Illinois, US",17019.0,Champaign,Illinois,1366,17,2020-07-25,17019.0,Champaign County,Illinois,209689.0,Champaign
2020-07-26,9128.0,46,"Champaign, Illinois, US",17019.0,Champaign,Illinois,1388,17,2020-07-26,17019.0,Champaign County,Illinois,209689.0,Champaign
2020-07-27,9963.0,50,"Champaign, Illinois, US",17019.0,Champaign,Illinois,1419,17,2020-07-27,17019.0,Champaign County,Illinois,209689.0,Champaign
2020-07-28,10704.0,52,"Champaign, Illinois, US",17019.0,Champaign,Illinois,1425,18,2020-07-28,17019.0,Champaign County,Illinois,209689.0,Champaign
2020-07-29,11449.0,52,"Champaign, Illinois, US",17019.0,Champaign,Illinois,1442,18,2020-07-29,17019.0,Champaign County,Illinois,209689.0,Champaign
2020-07-30,12185.0,56,"Champaign, Illinois, US",17019.0,Champaign,Illinois,1453,19,2020-07-30,17019.0,Champaign County,Illinois,209689.0,Champaign
2020-07-31,13243.0,57,"Champaign, Illinois, US",17019.0,Champaign,Illinois,1486,19,2020-07-31,17019.0,Champaign County,Illinois,209689.0,Champaign
2020-08-01,13243.0,57,"Champaign, Illinois, US",17019.0,Champaign,Illinois,1513,19,2020-08-01,17019.0,Champaign County,Illinois,209689.0,Champaign
2020-08-02,13243.0,57,"Champaign, Illinois, US",17019.0,Champaign,Illinois,1544,19,2020-08-02,17019.0,Champaign County,Illinois,209689.0,Champaign
2020-08-03,15139.0,58,"Champaign, Illinois, US",17019.0,Champaign,Illinois,1547,19,2020-08-03,17019.0,Champaign County,Illinois,209689.0,Champaign
2020-08-04,16898.0,61,"Champaign, Illinois, US",17019.0,Champaign,Illinois,1576,19,2020-08-04,17019.0,Champaign County,Illinois,209689.0,Champaign
2020-08-05,18303.0,66,"Champaign, Illinois, US",17019.0,Champaign,Illinois,1593,19,2020-08-05,17019.0,Champaign County,Illinois,209689.0,Champaign
2020-08-06,20126.0,71,"Champaign, Illinois, US",17019.0,Champaign,Illinois,1615,19,2020-08-06,17019.0,Champaign County,Illinois,209689.0,Champaign
2020-08-07,22635.0,77,"Champaign, Illinois, US",17019.0,Champaign,Illinois,1625,19,2020-08-07,17019.0,Champaign County,Illinois,209689.0,Champaign
2020-08-08,22635.0,77,"Champaign, Illinois, US",17019.0,Champaign,Illinois,1663,19,2020-08-08,17019.0,Champaign County,Illinois,209689.0,Champaign
2020-08-09,22635.0,77,"Champaign, Illinois, US",17019.0,Champaign,Illinois,1669,19,2020-08-09,17019.0,Champaign County,Illinois,209689.0,Champaign
2020-08-10,26745.0,79,"Champaign, Illinois, US",17019.0,Champaign,Illinois,1686,19,2020-08-10,17019.0,Champaign County,Illinois,209689.0,Champaign
2020-08-11,30355.0,83,"Champaign, Illinois, US",17019.0,Champaign,Illinois,1693,19,2020-08-11,17019.0,Champaign County,Illinois,209689.0,Champaign
2020-08-12,32793.0,87,"Champaign, Illinois, US",17019.0,Champaign,Illinois,1709,19,2020-08-12,17019.0,Champaign County,Illinois,209689.0,Champaign
2020-08-13,32793.0,87,"Champaign, Illinois, US",17019.0,Champaign,Illinois,1729,19,2020-08-13,17019.0,Champaign County,Illinois,209689.0,Champaign
2020-08-14,32793.0,87,"Champaign, Illinois, US",17019.0,Champaign,Illinois,1737,19,2020-08-14,17019.0,Champaign County,Illinois,209689.0,Champaign
2020-08-15,34429.0,93,"Champaign, Illinois, US",17019.0,Champaign,Illinois,1752,19,2020-08-15,17019.0,Champaign County,Illinois,209689.0,Champaign
2020-08-16,36882.0,100,"Champaign, Illinois, US",17019.0,Champaign,Illinois,1766,19,2020-08-16,17019.0,Champaign County,Illinois,209689.0,Champaign
2020-08-17,45946.0,124,"Champaign, Illinois, US",17019.0,Champaign,Illinois,1776,19,2020-08-17,17019.0,Champaign County,Illinois,209689.0,Champaign
2020-08-18,52108.0,144,"Champaign, Illinois, US",17019.0,Champaign,Illinois,1793,19,2020-08-18,17019.0,Champaign County,Illinois,209689.0,Champaign
2020-08-19,58408.0,173,"Champaign, Illinois, US",17019.0,Champaign,Illinois,1827,19,2020-08-19,17019.0,Champaign County,Illinois,209689.0,Champaign
2020-08-20,69150.0,225,"Champaign, Illinois, US",17019.0,Champaign,Illinois,1835,20,2020-08-20,17019.0,Champaign County,Illinois,209689.0,Champaign
2020-08-21,80027.0,279,"Champaign, Illinois, US",17019.0,Champaign,Illinois,1881,20,2020-08-21,17019.0,Champaign County,Illinois,209689.0,Champaign
2020-08-22,83353.0,322,"Champaign, Illinois, US",17019.0,Champaign,Illinois,1929,20,2020-08-22,17019.0,Champaign County,Illinois,209689.0,Champaign
2020-08-23,87827.0,375,"Champaign, Illinois, US",17019.0,Champaign,Illinois,2027,20,2020-08-23,17019.0,Champaign County,Illinois,209689.0,Champaign
2020-08-24,105483.0,454,"Champaign, Illinois, US",17019.0,Champaign,Illinois,2078,20,2020-08-24,17019.0,Champaign County,Illinois,209689.0,Champaign
2020-08-25,121333.0,543,"Champaign, Illinois, US",17019.0,Champaign,Illinois,2100,20,2020-08-25,17019.0,Champaign County,Illinois,209689.0,Champaign
2020-08-26,128145.0,597,"Champaign, Illinois, US",17019.0,Champaign,Illinois,2187,20,2020-08-26,17019.0,Champaign County,Illinois,209689.0,Champaign
2020-08-27,143268.0,657,"Champaign, Illinois, US",17019.0,Champaign,Illinois,2210,20,2020-08-27,17019.0,Champaign County,Illinois,209689.0,Champaign
2020-08-28,158298.0,722,"Champaign, Illinois, US",17019.0,Champaign,Illinois,2310,20,2020-08-28,17019.0,Champaign County,Illinois,209689.0,Champaign
2020-08-29,161193.0,772,"Champaign, Illinois, US",17019.0,Champaign,Illinois,2368,20,2020-08-29,17019.0,Champaign County,Illinois,209689.0,Champaign
2020-08-30,164833.0,876,"Champaign, Illinois, US",17019.0,Champaign,Illinois,2423,20,2020-08-30,17019.0,Champaign County,Illinois,209689.0,Champaign
2020-08-31,182060.0,1106,"Champaign, Illinois, US",17019.0,Champaign,Illinois,2462,20,2020-08-31,17019.0,Champaign County,Illinois,209689.0,Champaign
2020-09-01,196427.0,1305,"Champaign, Illinois, US",17019.0,Champaign,Illinois,2498,20,2020-09-01,17019.0,Champaign County,Illinois,209689.0,Champaign
2020-09-02,203516.0,1425,"Champaign, Illinois, US",17019.0,Champaign,Illinois,2557,20,2020-09-02,17019.0,Champaign County,Illinois,209689.0,Champaign
2020-09-03,218357.0,1513,"Champaign, Illinois, US",17019.0,Champaign,Illinois,2657,20,2020-09-03,17019.0,Champaign County,Illinois,209689.0,Champaign
2020-09-04,232561.0,1617,"Champaign, Illinois, US",17019.0,Champaign,Illinois,3225,20,2020-09-04,17019.0,Champaign County,Illinois,209689.0,Champaign
2020-09-05,235170.0,1654,"Champaign, Illinois, US",17019.0,Champaign,Illinois,3371,20,2020-09-05,17019.0,Champaign County,Illinois,209689.0,Champaign
2020-09-06,238157.0,1691,"Champaign, Illinois, US",17019.0,Champaign,Illinois,3428,20,2020-09-06,17019.0,Champaign County,Illinois,209689.0,Champaign
2020-09-07,244456.0,1760,"Champaign, Illinois, US",17019.0,Champaign,Illinois,3468,20,2020-09-07,17019.0,Champaign County,Illinois,209689.0,Champaign
2020-09-08,256077.0,1841,"Champaign, Illinois, US",17019.0,Champaign,Illinois,3628,20,2020-09-08,17019.0,Champaign County,Illinois,209689.0,Champaign
2020-09-09,268070.0,1888,"Champaign, Illinois, US",17019.0,Champaign,Illinois,3728,20,2020-09-09,17019.0,Champaign County,Illinois,209689.0,Champaign
2020-09-10,274696.0,1922,"Champaign, Illinois, US",17019.0,Champaign,Illinois,3811,20,2020-09-10,17019.0,Champaign County,Illinois,209689.0,Champaign
2020-09-11,285949.0,1957,"Champaign, Illinois, US",17019.0,Champaign,Illinois,3876,20,2020-09-11,17019.0,Champaign County,Illinois,209689.0,Champaign
2020-09-12,289958.0,1967,"Champaign, Illinois, US",17019.0,Champaign,Illinois,3992,20,2020-09-12,17019.0,Champaign County,Illinois,209689.0,Champaign
2020-09-13,294526.0,1984,"Champaign, Illinois, US",17019.0,Champaign,Illinois,4035,20,2020-09-13,17019.0,Champaign County,Illinois,209689.0,Champaign
2020-09-14,304740.0,2024,"Champaign, Illinois, US",17019.0,Champaign,Illinois,4059,20,2020-09-14,17019.0,Champaign County,Illinois,209689.0,Champaign
2020-09-15,315972.0,2069,"Champaign, Illinois, US",17019.0,Champaign,Illinois,4133,20,2020-09-15,17019.0,Champaign County,Illinois,209689.0,Champaign
2020-09-16,325937.0,2093,"Champaign, Illinois, US",17019.0,Champaign,Illinois,4164,20,2020-09-16,17019.0,Champaign County,Illinois,209689.0,Champaign
2020-09-17,333739.0,2111,"Champaign, Illinois, US",17019.0,Champaign,Illinois,4218,20,2020-09-17,17019.0,Champaign County,Illinois,209689.0,Champaign
2020-09-18,344303.0,2138,"Champaign, Illinois, US",17019.0,Champaign,Illinois,4290,20,2020-09-18,17019.0,Champaign County,Illinois,209689.0,Champaign
2020-09-19,348436.0,2151,"Champaign, Illinois, US",17019.0,Champaign,Illinois,4320,20,2020-09-19,17019.0,Champaign County,Illinois,209689.0,Champaign
2020-09-20,352819.0,2162,"Champaign, Illinois, US",17019.0,Champaign,Illinois,4330,20,2020-09-20,17019.0,Champaign County,Illinois,209689.0,Champaign
2020-09-21,363293.0,2204,"Champaign, Illinois, US",17019.0,Champaign,Illinois,4379,20,2020-09-21,17019.0,Champaign County,Illinois,209689.0,Champaign
2020-09-22,374323.0,2266,"Champaign, Illinois, US",17019.0,Champaign,Illinois,4411,20,2020-09-22,17019.0,Champaign County,Illinois,209689.0,Champaign
2020-09-23,383994.0,2294,"Champaign, Illinois, US",17019.0,Champaign,Illinois,4472,20,2020-09-23,17019.0,Champaign County,Illinois,209689.0,Champaign
2020-09-24,393080.0,2321,"Champaign, Illinois, US",17019.0,Champaign,Illinois,4538,20,2020-09-24,17019.0,Champaign County,Illinois,209689.0,Champaign
2020-09-25,404170.0,2362,"Champaign, Illinois, US",17019.0,Champaign,Illinois,4583,20,2020-09-25,17019.0,Champaign County,Illinois,209689.0,Champaign
2020-09-26,408062.0,2379,"Champaign, Illinois, US",17019.0,Champaign,Illinois,4645,20,2020-09-26,17019.0,Champaign County,Illinois,209689.0,Champaign
2020-09-27,412470.0,2407,"Champaign, Illinois, US",17019.0,Champaign,Illinois,4703,20,2020-09-27,17019.0,Champaign County,Illinois,209689.0,Champaign
2020-09-28,423206.0,2443,"Champaign, Illinois, US",17019.0,Champaign,Illinois,4733,20,2020-09-28,17019.0,Champaign County,Illinois,209689.0,Champaign
2020-09-29,433843.0,2479,"Champaign, Illinois, US",17019.0,Champaign,Illinois,4789,20,2020-09-29,17019.0,Champaign County,Illinois,209689.0,Champaign
2020-09-30,444197.0,2511,"Champaign, Illinois, US",17019.0,Champaign,Illinois,4818,21,2020-09-30,17019.0,Champaign County,Illinois,209689.0,Champaign
2020-10-01,451774.0,2538,"Champaign, Illinois, US",17019.0,Champaign,Illinois,4879,22,2020-10-01,17019.0,Champaign County,Illinois,209689.0,Champaign
2020-10-02,462539.0,2556,"Champaign, Illinois, US",17019.0,Champaign,Illinois,4959,23,2020-10-02,17019.0,Champaign County,Illinois,209689.0,Champaign
2020-10-03,466390.0,2565,"Champaign, Illinois, US",17019.0,Champaign,Illinois,5011,23,2020-10-03,17019.0,Champaign County,Illinois,209689.0,Champaign
2020-10-04,470764.0,2569,"Champaign, Illinois, US",17019.0,Champaign,Illinois,5041,23,2020-10-04,17019.0,Champaign County,Illinois,209689.0,Champaign
2020-10-05,481906.0,2617,"Champaign, Illinois, US",17019.0,Champaign,Illinois,5057,24,2020-10-05,17019.0,Champaign County,Illinois,209689.0,Champaign
2020-10-06,492275.0,2642,"Champaign, Illinois, US",17019.0,Champaign,Illinois,5096,24,2020-10-06,17019.0,Champaign County,Illinois,209689.0,Champaign
2020-10-07,502055.0,2663,"Champaign, Illinois, US",17019.0,Champaign,Illinois,5183,25,2020-10-07,17019.0,Champaign County,Illinois,209689.0,Champaign
2020-10-08,510008.0,2677,"Champaign, Illinois, US",17019.0,Champaign,Illinois,5227,27,2020-10-08,17019.0,Champaign County,Illinois,209689.0,Champaign
2020-10-09,519875.0,2687,"Champaign, Illinois, US",17019.0,Champaign,Illinois,5270,27,2020-10-09,17019.0,Champaign County,Illinois,209689.0,Champaign
2020-10-10,523439.0,2698,"Champaign, Illinois, US",17019.0,Champaign,Illinois,5286,27,2020-10-10,17019.0,Champaign County,Illinois,209689.0,Champaign
2020-10-11,527797.0,2706,"Champaign, Illinois, US",17019.0,Champaign,Illinois,5352,27,2020-10-11,17019.0,Champaign County,Illinois,209689.0,Champaign
2020-10-12,537370.0,2729,"Champaign, Illinois, US",17019.0,Champaign,Illinois,5389,27,2020-10-12,17019.0,Champaign County,Illinois,209689.0,Champaign
2020-10-13,547427.0,2743,"Champaign, Illinois, US",17019.0,Champaign,Illinois,5434,27,2020-10-13,17019.0,Champaign County,Illinois,209689.0,Champaign
2020-10-14,556759.0,2754,"Champaign, Illinois, US",17019.0,Champaign,Illinois,5525,27,2020-10-14,17019.0,Champaign County,Illinois,209689.0,Champaign
2020-10-15,564536.0,2763,"Champaign, Illinois, US",17019.0,Champaign,Illinois,5559,28,2020-10-15,17019.0,Champaign County,Illinois,209689.0,Champaign
2020-10-16,574236.0,2772,"Champaign, Illinois, US",17019.0,Champaign,Illinois,5596,28,2020-10-16,17019.0,Champaign County,Illinois,209689.0,Champaign
2020-10-17,577902.0,2774,"Champaign, Illinois, US",17019.0,Champaign,Illinois,5634,28,2020-10-17,17019.0,Champaign County,Illinois,209689.0,Champaign
2020-10-18,582222.0,2780,"Champaign, Illinois, US",17019.0,Champaign,Illinois,5660,28,2020-10-18,17019.0,Champaign County,Illinois,209689.0,Champaign
2020-10-19,592833.0,2798,"Champaign, Illinois, US",17019.0,Champaign,Illinois,5680,28,2020-10-19,17019.0,Champaign County,Illinois,209689.0,Champaign
2020-10-20,602797.0,2816,"Champaign, Illinois, US",17019.0,Champaign,Illinois,5741,28,2020-10-20,17019.0,Champaign County,Illinois,209689.0,Champaign
2020-10-21,612436.0,2836,"Champaign, Illinois, US",17019.0,Champaign,Illinois,5819,28,2020-10-21,17019.0,Champaign County,Illinois,209689.0,Champaign
2020-10-22,621017.0,2859,"Champaign, Illinois, US",17019.0,Champaign,Illinois,5893,28,2020-10-22,17019.0,Champaign County,Illinois,209689.0,Champaign
2020-10-23,630301.0,2881,"Champaign, Illinois, US",17019.0,Champaign,Illinois,5945,28,2020-10-23,17019.0,Champaign County,Illinois,209689.0,Champaign
2020-10-24,634171.0,2896,"Champaign, Illinois, US",17019.0,Champaign,Illinois,6048,29,2020-10-24,17019.0,Champaign County,Illinois,209689.0,Champaign
2020-10-25,639106.0,2919,"Champaign, Illinois, US",17019.0,Champaign,Illinois,6091,29,2020-10-25,17019.0,Champaign County,Illinois,209689.0,Champaign
2020-10-26,650218.0,2993,"Champaign, Illinois, US",17019.0,Champaign,Illinois,6172,29,2020-10-26,17019.0,Champaign County,Illinois,209689.0,Champaign
2020-10-27,660512.0,3029,"Champaign, Illinois, US",17019.0,Champaign,Illinois,6285,29,2020-10-27,17019.0,Champaign County,Illinois,209689.0,Champaign
2020-10-28,670091.0,3063,"Champaign, Illinois, US",17019.0,Champaign,Illinois,6390,28,2020-10-28,17019.0,Champaign County,Illinois,209689.0,Champaign
2020-10-29,679071.0,3090,"Champaign, Illinois, US",17019.0,Champaign,Illinois,6462,28,2020-10-29,17019.0,Champaign County,Illinois,209689.0,Champaign
2020-10-30,689858.0,3129,"Champaign, Illinois, US",17019.0,Champaign,Illinois,6585,28,2020-10-30,17019.0,Champaign County,Illinois,209689.0,Champaign
2020-10-31,693380.0,3138,"Champaign, Illinois, US",17019.0,Champaign,Illinois,6705,28,2020-10-31,17019.0,Champaign County,Illinois,209689.0,Champaign
2020-11-01,698203.0,3155,"Champaign, Illinois, US",17019.0,Champaign,Illinois,6824,28,2020-11-01,17019.0,Champaign County,Illinois,209689.0,Champaign
2020-11-02,710148.0,3237,"Champaign, Illinois, US",17019.0,Champaign,Illinois,6906,29,2020-11-02,17019.0,Champaign County,Illinois,209689.0,Champaign
2020-11-03,716089.0,3277,"Champaign, Illinois, US",17019.0,Champaign,Illinois,6999,29,2020-11-03,17019.0,Champaign County,Illinois,209689.0,Champaign
2020-11-04,727626.0,3357,"Champaign, Illinois, US",17019.0,Champaign,Illinois,7114,29,2020-11-04,17019.0,Champaign County,Illinois,209689.0,Champaign
2020-11-05,736521.0,3417,"Champaign, Illinois, US",17019.0,Champaign,Illinois,7308,29,2020-11-05,17019.0,Champaign County,Illinois,209689.0,Champaign
2020-11-06,746950.0,3465,"Champaign, Illinois, US",17019.0,Champaign,Illinois,7572,30,2020-11-06,17019.0,Champaign County,Illinois,209689.0,Champaign
2020-11-07,750966.0,3486,"Champaign, Illinois, US",17019.0,Champaign,Illinois,7744,31,2020-11-07,17019.0,Champaign County,Illinois,209689.0,Champaign
2020-11-08,756305.0,3514,"Champaign, Illinois, US",17019.0,Champaign,Illinois,7866,33,2020-11-08,17019.0,Champaign County,Illinois,209689.0,Champaign
2020-11-09,768105.0,3590,"Champaign, Illinois, US",17019.0,Champaign,Illinois,8003,33,2020-11-09,17019.0,Champaign County,Illinois,209689.0,Champaign
2020-11-10,778429.0,3647,"Champaign, Illinois, US",17019.0,Champaign,Illinois,8180,37,2020-11-10,17019.0,Champaign County,Illinois,209689.0,Champaign
2020-11-11,789500.0,3697,"Champaign, Illinois, US",17019.0,Champaign,Illinois,8413,37,2020-11-11,17019.0,Champaign County,Illinois,209689.0,Champaign
2020-11-12,799215.0,3731,"Champaign, Illinois, US",17019.0,Champaign,Illinois,8558,37,2020-11-12,17019.0,Champaign County,Illinois,209689.0,Champaign
2020-11-13,810566.0,3763,"Champaign, Illinois, US",17019.0,Champaign,Illinois,8728,39,2020-11-13,17019.0,Champaign County,Illinois,209689.0,Champaign
2020-11-14,815205.0,3775,"Champaign, Illinois, US",17019.0,Champaign,Illinois,8849,40,2020-11-14,17019.0,Champaign County,Illinois,209689.0,Champaign
2020-08-07,40.0,1,"Dane, Wisconsin, US",55025.0,Dane,Wisconsin,4436,38,2020-08-07,55025.0,Dane County,Wisconsin,546695.0,Dane
2020-08-08,72.0,2,"Dane, Wisconsin, US",55025.0,Dane,Wisconsin,4492,38,2020-08-08,55025.0,Dane County,Wisconsin,546695.0,Dane
2020-08-09,74.0,2,"Dane, Wisconsin, US",55025.0,Dane,Wisconsin,4536,39,2020-08-09,55025.0,Dane County,Wisconsin,546695.0,Dane
2020-08-10,74.0,2,"Dane, Wisconsin, US",55025.0,Dane,Wisconsin,4554,38,2020-08-10,55025.0,Dane County,Wisconsin,546695.0,Dane
2020-08-11,149.0,2,"Dane, Wisconsin, US",55025.0,Dane,Wisconsin,4578,38,2020-08-11,55025.0,Dane County,Wisconsin,546695.0,Dane
2020-08-12,208.0,6,"Dane, Wisconsin, US",55025.0,Dane,Wisconsin,4630,38,2020-08-12,55025.0,Dane County,Wisconsin,546695.0,Dane
2020-08-13,322.0,7,"Dane, Wisconsin, US",55025.0,Dane,Wisconsin,4666,38,2020-08-13,55025.0,Dane County,Wisconsin,546695.0,Dane
2020-08-14,579.0,8,"Dane, Wisconsin, US",55025.0,Dane,Wisconsin,4749,38,2020-08-14,55025.0,Dane County,Wisconsin,546695.0,Dane
2020-08-15,719.0,11,"Dane, Wisconsin, US",55025.0,Dane,Wisconsin,4783,39,2020-08-15,55025.0,Dane County,Wisconsin,546695.0,Dane
2020-08-16,755.0,12,"Dane, Wisconsin, US",55025.0,Dane,Wisconsin,4849,39,2020-08-16,55025.0,Dane County,Wisconsin,546695.0,Dane
2020-08-17,756.0,12,"Dane, Wisconsin, US",55025.0,Dane,Wisconsin,4874,39,2020-08-17,55025.0,Dane County,Wisconsin,546695.0,Dane
2020-08-18,1082.0,17,"Dane, Wisconsin, US",55025.0,Dane,Wisconsin,4874,39,2020-08-18,55025.0,Dane County,Wisconsin,546695.0,Dane
2020-08-19,1398.0,18,"Dane, Wisconsin, US",55025.0,Dane,Wisconsin,4924,39,2020-08-19,55025.0,Dane County,Wisconsin,546695.0,Dane
2020-08-20,1719.0,18,"Dane, Wisconsin, US",55025.0,Dane,Wisconsin,4955,39,2020-08-20,55025.0,Dane County,Wisconsin,546695.0,Dane
2020-08-21,2032.0,21,"Dane, Wisconsin, US",55025.0,Dane,Wisconsin,4998,39,2020-08-21,55025.0,Dane County,Wisconsin,546695.0,Dane
2020-08-22,2270.0,24,"Dane, Wisconsin, US",55025.0,Dane,Wisconsin,5053,39,2020-08-22,55025.0,Dane County,Wisconsin,546695.0,Dane
2020-08-23,2476.0,26,"Dane, Wisconsin, US",55025.0,Dane,Wisconsin,5088,39,2020-08-23,55025.0,Dane County,Wisconsin,546695.0,Dane
2020-08-24,2476.0,26,"Dane, Wisconsin, US",55025.0,Dane,Wisconsin,5117,39,2020-08-24,55025.0,Dane County,Wisconsin,546695.0,Dane
2020-08-25,2994.0,35,"Dane, Wisconsin, US",55025.0,Dane,Wisconsin,5161,39,2020-08-25,55025.0,Dane County,Wisconsin,546695.0,Dane
2020-08-26,4562.0,55,"Dane, Wisconsin, US",55025.0,Dane,Wisconsin,5209,39,2020-08-26,55025.0,Dane County,Wisconsin,546695.0,Dane
2020-08-27,5730.0,62,"Dane, Wisconsin, US",55025.0,Dane,Wisconsin,5294,39,2020-08-27,55025.0,Dane County,Wisconsin,546695.0,Dane
2020-08-28,6666.0,76,"Dane, Wisconsin, US",55025.0,Dane,Wisconsin,5330,40,2020-08-28,55025.0,Dane County,Wisconsin,546695.0,Dane
2020-08-29,7880.0,102,"Dane, Wisconsin, US",55025.0,Dane,Wisconsin,5387,40,2020-08-29,55025.0,Dane County,Wisconsin,546695.0,Dane
2020-08-30,8861.0,116,"Dane, Wisconsin, US",55025.0,Dane,Wisconsin,5426,40,2020-08-30,55025.0,Dane County,Wisconsin,546695.0,Dane
2020-08-31,9711.0,124,"Dane, Wisconsin, US",55025.0,Dane,Wisconsin,5429,40,2020-08-31,55025.0,Dane County,Wisconsin,546695.0,Dane
2020-09-01,11372.0,173,"Dane, Wisconsin, US",55025.0,Dane,Wisconsin,5520,40,2020-09-01,55025.0,Dane County,Wisconsin,546695.0,Dane
2020-09-02,12370.0,207,"Dane, Wisconsin, US",55025.0,Dane,Wisconsin,5564,40,2020-09-02,55025.0,Dane County,Wisconsin,546695.0,Dane
2020-09-03,13457.0,245,"Dane, Wisconsin, US",55025.0,Dane,Wisconsin,5639,40,2020-09-03,55025.0,Dane County,Wisconsin,546695.0,Dane
2020-09-04,15100.0,337,"Dane, Wisconsin, US",55025.0,Dane,Wisconsin,5799,40,2020-09-04,55025.0,Dane County,Wisconsin,546695.0,Dane
2020-09-05,17111.0,455,"Dane, Wisconsin, US",55025.0,Dane,Wisconsin,5961,40,2020-09-05,55025.0,Dane County,Wisconsin,546695.0,Dane
2020-09-06,19145.0,602,"Dane, Wisconsin, US",55025.0,Dane,Wisconsin,6118,40,2020-09-06,55025.0,Dane County,Wisconsin,546695.0,Dane
2020-09-07,19239.0,622,"Dane, Wisconsin, US",55025.0,Dane,Wisconsin,6208,40,2020-09-07,55025.0,Dane County,Wisconsin,546695.0,Dane
2020-09-08,19366.0,647,"Dane, Wisconsin, US",55025.0,Dane,Wisconsin,6427,40,2020-09-08,55025.0,Dane County,Wisconsin,546695.0,Dane
2020-09-09,21767.0,937,"Dane, Wisconsin, US",55025.0,Dane,Wisconsin,6489,41,2020-09-09,55025.0,Dane County,Wisconsin,546695.0,Dane
2020-09-10,24125.0,1156,"Dane, Wisconsin, US",55025.0,Dane,Wisconsin,6971,41,2020-09-10,55025.0,Dane County,Wisconsin,546695.0,Dane
2020-09-11,25067.0,1223,"Dane, Wisconsin, US",55025.0,Dane,Wisconsin,7254,41,2020-09-11,55025.0,Dane County,Wisconsin,546695.0,Dane
2020-09-12,26138.0,1299,"Dane, Wisconsin, US",55025.0,Dane,Wisconsin,7389,41,2020-09-12,55025.0,Dane County,Wisconsin,546695.0,Dane
2020-09-13,28330.0,1487,"Dane, Wisconsin, US",55025.0,Dane,Wisconsin,7622,41,2020-09-13,55025.0,Dane County,Wisconsin,546695.0,Dane
2020-09-14,28357.0,1489,"Dane, Wisconsin, US",55025.0,Dane,Wisconsin,7846,41,2020-09-14,55025.0,Dane County,Wisconsin,546695.0,Dane
2020-09-15,28749.0,1500,"Dane, Wisconsin, US",55025.0,Dane,Wisconsin,7896,41,2020-09-15,55025.0,Dane County,Wisconsin,546695.0,Dane
2020-09-16,30636.0,1627,"Dane, Wisconsin, US",55025.0,Dane,Wisconsin,7984,41,2020-09-16,55025.0,Dane County,Wisconsin,546695.0,Dane
2020-09-17,32144.0,1714,"Dane, Wisconsin, US",55025.0,Dane,Wisconsin,8242,41,2020-09-17,55025.0,Dane County,Wisconsin,546695.0,Dane
2020-09-18,33689.0,1789,"Dane, Wisconsin, US",55025.0,Dane,Wisconsin,8455,41,2020-09-18,55025.0,Dane County,Wisconsin,546695.0,Dane
2020-09-19,35334.0,1853,"Dane, Wisconsin, US",55025.0,Dane,Wisconsin,8635,41,2020-09-19,55025.0,Dane County,Wisconsin,546695.0,Dane
2020-09-20,36289.0,1899,"Dane, Wisconsin, US",55025.0,Dane,Wisconsin,8815,41,2020-09-20,55025.0,Dane County,Wisconsin,546695.0,Dane
2020-09-21,36299.0,1902,"Dane, Wisconsin, US",55025.0,Dane,Wisconsin,8895,41,2020-09-21,55025.0,Dane County,Wisconsin,546695.0,Dane
2020-09-22,36971.0,1915,"Dane, Wisconsin, US",55025.0,Dane,Wisconsin,8947,41,2020-09-22,55025.0,Dane County,Wisconsin,546695.0,Dane
2020-09-23,38333.0,1947,"Dane, Wisconsin, US",55025.0,Dane,Wisconsin,9040,41,2020-09-23,55025.0,Dane County,Wisconsin,546695.0,Dane
2020-09-24,39607.0,1982,"Dane, Wisconsin, US",55025.0,Dane,Wisconsin,9203,41,2020-09-24,55025.0,Dane County,Wisconsin,546695.0,Dane
2020-09-25,41265.0,2004,"Dane, Wisconsin, US",55025.0,Dane,Wisconsin,9345,41,2020-09-25,55025.0,Dane County,Wisconsin,546695.0,Dane
2020-09-26,42136.0,2022,"Dane, Wisconsin, US",55025.0,Dane,Wisconsin,9488,41,2020-09-26,55025.0,Dane County,Wisconsin,546695.0,Dane
2020-09-27,42591.0,2033,"Dane, Wisconsin, US",55025.0,Dane,Wisconsin,9607,41,2020-09-27,55025.0,Dane County,Wisconsin,546695.0,Dane
2020-09-28,42595.0,2033,"Dane, Wisconsin, US",55025.0,Dane,Wisconsin,9763,41,2020-09-28,55025.0,Dane County,Wisconsin,546695.0,Dane
2020-09-29,44573.0,2049,"Dane, Wisconsin, US",55025.0,Dane,Wisconsin,9857,42,2020-09-29,55025.0,Dane County,Wisconsin,546695.0,Dane
2020-09-30,46325.0,2069,"Dane, Wisconsin, US",55025.0,Dane,Wisconsin,10129,43,2020-09-30,55025.0,Dane County,Wisconsin,546695.0,Dane
2020-10-01,47772.0,2078,"Dane, Wisconsin, US",55025.0,Dane,Wisconsin,10201,43,2020-10-01,55025.0,Dane County,Wisconsin,546695.0,Dane
2020-10-02,48937.0,2088,"Dane, Wisconsin, US",55025.0,Dane,Wisconsin,10217,43,2020-10-02,55025.0,Dane County,Wisconsin,546695.0,Dane
2020-10-03,50553.0,2103,"Dane, Wisconsin, US",55025.0,Dane,Wisconsin,10339,43,2020-10-03,55025.0,Dane County,Wisconsin,546695.0,Dane
2020-10-04,50858.0,2105,"Dane, Wisconsin, US",55025.0,Dane,Wisconsin,10452,43,2020-10-04,55025.0,Dane County,Wisconsin,546695.0,Dane
2020-10-05,50859.0,2105,"Dane, Wisconsin, US",55025.0,Dane,Wisconsin,10514,43,2020-10-05,55025.0,Dane County,Wisconsin,546695.0,Dane
2020-10-06,52252.0,2115,"Dane, Wisconsin, US",55025.0,Dane,Wisconsin,10671,43,2020-10-06,55025.0,Dane County,Wisconsin,546695.0,Dane
2020-10-07,54023.0,2127,"Dane, Wisconsin, US",55025.0,Dane,Wisconsin,10734,43,2020-10-07,55025.0,Dane County,Wisconsin,546695.0,Dane
2020-10-08,56122.0,2144,"Dane, Wisconsin, US",55025.0,Dane,Wisconsin,10841,43,2020-10-08,55025.0,Dane County,Wisconsin,546695.0,Dane
2020-10-09,57845.0,2163,"Dane, Wisconsin, US",55025.0,Dane,Wisconsin,11035,43,2020-10-09,55025.0,Dane County,Wisconsin,546695.0,Dane
2020-10-10,59249.0,2177,"Dane, Wisconsin, US",55025.0,Dane,Wisconsin,11240,43,2020-10-10,55025.0,Dane County,Wisconsin,546695.0,Dane
2020-10-11,59762.0,2184,"Dane, Wisconsin, US",55025.0,Dane,Wisconsin,11421,43,2020-10-11,55025.0,Dane County,Wisconsin,546695.0,Dane
2020-10-12,60352.0,2199,"Dane, Wisconsin, US",55025.0,Dane,Wisconsin,11585,43,2020-10-12,55025.0,Dane County,Wisconsin,546695.0,Dane
2020-10-13,61876.0,2216,"Dane, Wisconsin, US",55025.0,Dane,Wisconsin,11693,45,2020-10-13,55025.0,Dane County,Wisconsin,546695.0,Dane
2020-10-14,64071.0,2232,"Dane, Wisconsin, US",55025.0,Dane,Wisconsin,11855,46,2020-10-14,55025.0,Dane County,Wisconsin,546695.0,Dane
2020-10-15,65925.0,2252,"Dane, Wisconsin, US",55025.0,Dane,Wisconsin,12072,46,2020-10-15,55025.0,Dane County,Wisconsin,546695.0,Dane
2020-10-16,67589.0,2270,"Dane, Wisconsin, US",55025.0,Dane,Wisconsin,12296,46,2020-10-16,55025.0,Dane County,Wisconsin,546695.0,Dane
2020-10-17,68963.0,2282,"Dane, Wisconsin, US",55025.0,Dane,Wisconsin,12296,46,2020-10-17,55025.0,Dane County,Wisconsin,546695.0,Dane
2020-10-18,68973.0,2282,"Dane, Wisconsin, US",55025.0,Dane,Wisconsin,12296,46,2020-10-18,55025.0,Dane County,Wisconsin,546695.0,Dane
2020-10-19,69237.0,2286,"Dane, Wisconsin, US",55025.0,Dane,Wisconsin,13052,46,2020-10-19,55025.0,Dane County,Wisconsin,546695.0,Dane
2020-10-20,70919.0,2313,"Dane, Wisconsin, US",55025.0,Dane,Wisconsin,13362,46,2020-10-20,55025.0,Dane County,Wisconsin,546695.0,Dane
2020-10-21,72891.0,2341,"Dane, Wisconsin, US",55025.0,Dane,Wisconsin,13639,46,2020-10-21,55025.0,Dane County,Wisconsin,546695.0,Dane
2020-10-22,74292.0,2355,"Dane, Wisconsin, US",55025.0,Dane,Wisconsin,13840,47,2020-10-22,55025.0,Dane County,Wisconsin,546695.0,Dane
2020-10-23,75699.0,2365,"Dane, Wisconsin, US",55025.0,Dane,Wisconsin,14085,47,2020-10-23,55025.0,Dane County,Wisconsin,546695.0,Dane
2020-10-24,77029.0,2383,"Dane, Wisconsin, US",55025.0,Dane,Wisconsin,14368,48,2020-10-24,55025.0,Dane County,Wisconsin,546695.0,Dane
2020-10-25,77586.0,2394,"Dane, Wisconsin, US",55025.0,Dane,Wisconsin,14662,48,2020-10-25,55025.0,Dane County,Wisconsin,546695.0,Dane
2020-10-26,77644.0,2396,"Dane, Wisconsin, US",55025.0,Dane,Wisconsin,14843,48,2020-10-26,55025.0,Dane County,Wisconsin,546695.0,Dane
2020-10-27,79474.0,2436,"Dane, Wisconsin, US",55025.0,Dane,Wisconsin,15106,48,2020-10-27,55025.0,Dane County,Wisconsin,546695.0,Dane
2020-10-28,81744.0,2490,"Dane, Wisconsin, US",55025.0,Dane,Wisconsin,15492,49,2020-10-28,55025.0,Dane County,Wisconsin,546695.0,Dane
2020-10-29,83564.0,2524,"Dane, Wisconsin, US",55025.0,Dane,Wisconsin,15720,50,2020-10-29,55025.0,Dane County,Wisconsin,546695.0,Dane
2020-10-30,84946.0,2542,"Dane, Wisconsin, US",55025.0,Dane,Wisconsin,16094,49,2020-10-30,55025.0,Dane County,Wisconsin,546695.0,Dane
2020-10-31,87046.0,2586,"Dane, Wisconsin, US",55025.0,Dane,Wisconsin,16418,49,2020-10-31,55025.0,Dane County,Wisconsin,546695.0,Dane
2020-11-01,87477.0,2601,"Dane, Wisconsin, US",55025.0,Dane,Wisconsin,16593,49,2020-11-01,55025.0,Dane County,Wisconsin,546695.0,Dane
2020-11-02,87778.0,2609,"Dane, Wisconsin, US",55025.0,Dane,Wisconsin,16791,49,2020-11-02,55025.0,Dane County,Wisconsin,546695.0,Dane
2020-11-03,90170.0,2663,"Dane, Wisconsin, US",55025.0,Dane,Wisconsin,17372,49,2020-11-03,55025.0,Dane County,Wisconsin,546695.0,Dane
2020-11-04,92437.0,2712,"Dane, Wisconsin, US",55025.0,Dane,Wisconsin,17563,51,2020-11-04,55025.0,Dane County,Wisconsin,546695.0,Dane
2020-11-05,94077.0,2748,"Dane, Wisconsin, US",55025.0,Dane,Wisconsin,17893,50,2020-11-05,55025.0,Dane County,Wisconsin,546695.0,Dane
2020-11-06,96247.0,2815,"Dane, Wisconsin, US",55025.0,Dane,Wisconsin,18413,53,2020-11-06,55025.0,Dane County,Wisconsin,546695.0,Dane
2020-11-07,98479.0,2881,"Dane, Wisconsin, US",55025.0,Dane,Wisconsin,18884,55,2020-11-07,55025.0,Dane County,Wisconsin,546695.0,Dane
2020-11-08,98611.0,2892,"Dane, Wisconsin, US",55025.0,Dane,Wisconsin,19144,55,2020-11-08,55025.0,Dane County,Wisconsin,546695.0,Dane
2020-11-09,99244.0,2917,"Dane, Wisconsin, US",55025.0,Dane,Wisconsin,19418,55,2020-11-09,55025.0,Dane County,Wisconsin,546695.0,Dane
2020-11-10,101230.0,2968,"Dane, Wisconsin, US",55025.0,Dane,Wisconsin,20116,56,2020-11-10,55025.0,Dane County,Wisconsin,546695.0,Dane
2020-11-11,103372.0,3052,"Dane, Wisconsin, US",55025.0,Dane,Wisconsin,20572,56,2020-11-11,55025.0,Dane County,Wisconsin,546695.0,Dane
2020-11-12,105791.0,3146,"Dane, Wisconsin, US",55025.0,Dane,Wisconsin,21201,59,2020-11-12,55025.0,Dane County,Wisconsin,546695.0,Dane
2020-11-13,108877.0,3258,"Dane, Wisconsin, US",55025.0,Dane,Wisconsin,21670,63,2020-11-13,55025.0,Dane County,Wisconsin,546695.0,Dane
2020-08-13,0.0,0,"Franklin, Ohio, US",39049.0,Franklin,Ohio,19124,533,2020-08-13,39049.0,Franklin County,Ohio,1316756.0,Franklin
2020-08-14,472.0,6,"Franklin, Ohio, US",39049.0,Franklin,Ohio,19287,533,2020-08-14,39049.0,Franklin County,Ohio,1316756.0,Franklin
2020-08-15,1622.0,27,"Franklin, Ohio, US",39049.0,Franklin,Ohio,19437,537,2020-08-15,39049.0,Franklin County,Ohio,1316756.0,Franklin
2020-08-16,2861.0,50,"Franklin, Ohio, US",39049.0,Franklin,Ohio,19553,537,2020-08-16,39049.0,Franklin County,Ohio,1316756.0,Franklin
2020-08-17,4221.0,65,"Franklin, Ohio, US",39049.0,Franklin,Ohio,19683,537,2020-08-17,39049.0,Franklin County,Ohio,1316756.0,Franklin
2020-08-18,5372.0,75,"Franklin, Ohio, US",39049.0,Franklin,Ohio,19818,542,2020-08-18,39049.0,Franklin County,Ohio,1316756.0,Franklin
2020-08-19,6814.0,81,"Franklin, Ohio, US",39049.0,Franklin,Ohio,19980,545,2020-08-19,39049.0,Franklin County,Ohio,1316756.0,Franklin
2020-08-20,8345.0,89,"Franklin, Ohio, US",39049.0,Franklin,Ohio,20150,547,2020-08-20,39049.0,Franklin County,Ohio,1316756.0,Franklin
2020-08-21,9789.0,99,"Franklin, Ohio, US",39049.0,Franklin,Ohio,20316,551,2020-08-21,39049.0,Franklin County,Ohio,1316756.0,Franklin
2020-08-22,11220.0,111,"Franklin, Ohio, US",39049.0,Franklin,Ohio,20443,553,2020-08-22,39049.0,Franklin County,Ohio,1316756.0,Franklin
2020-08-23,11873.0,119,"Franklin, Ohio, US",39049.0,Franklin,Ohio,20534,553,2020-08-23,39049.0,Franklin County,Ohio,1316756.0,Franklin
2020-08-24,15138.0,207,"Franklin, Ohio, US",39049.0,Franklin,Ohio,20659,554,2020-08-24,39049.0,Franklin County,Ohio,1316756.0,Franklin
2020-08-25,18308.0,286,"Franklin, Ohio, US",39049.0,Franklin,Ohio,20794,554,2020-08-25,39049.0,Franklin County,Ohio,1316756.0,Franklin
2020-08-26,22549.0,417,"Franklin, Ohio, US",39049.0,Franklin,Ohio,20954,556,2020-08-26,39049.0,Franklin County,Ohio,1316756.0,Franklin
2020-08-27,24802.0,533,"Franklin, Ohio, US",39049.0,Franklin,Ohio,21133,556,2020-08-27,39049.0,Franklin County,Ohio,1316756.0,Franklin
2020-08-28,25080.0,562,"Franklin, Ohio, US",39049.0,Franklin,Ohio,21320,559,2020-08-28,39049.0,Franklin County,Ohio,1316756.0,Franklin
2020-08-29,25080.0,562,"Franklin, Ohio, US",39049.0,Franklin,Ohio,21497,582,2020-08-29,39049.0,Franklin County,Ohio,1316756.0,Franklin
2020-08-30,25080.0,562,"Franklin, Ohio, US",39049.0,Franklin,Ohio,21619,562,2020-08-30,39049.0,Franklin County,Ohio,1316756.0,Franklin
2020-08-31,29384.0,847,"Franklin, Ohio, US",39049.0,Franklin,Ohio,21785,562,2020-08-31,39049.0,Franklin County,Ohio,1316756.0,Franklin
2020-09-01,33562.0,1065,"Franklin, Ohio, US",39049.0,Franklin,Ohio,22005,563,2020-09-01,39049.0,Franklin County,Ohio,1316756.0,Franklin
2020-09-02,37140.0,1252,"Franklin, Ohio, US",39049.0,Franklin,Ohio,22161,563,2020-09-02,39049.0,Franklin County,Ohio,1316756.0,Franklin
2020-09-03,40255.0,1437,"Franklin, Ohio, US",39049.0,Franklin,Ohio,22392,565,2020-09-03,39049.0,Franklin County,Ohio,1316756.0,Franklin
2020-09-04,43167.0,1617,"Franklin, Ohio, US",39049.0,Franklin,Ohio,22629,565,2020-09-04,39049.0,Franklin County,Ohio,1316756.0,Franklin
2020-09-05,44186.0,1668,"Franklin, Ohio, US",39049.0,Franklin,Ohio,22935,565,2020-09-05,39049.0,Franklin County,Ohio,1316756.0,Franklin
2020-09-06,44186.0,1668,"Franklin, Ohio, US",39049.0,Franklin,Ohio,23099,565,2020-09-06,39049.0,Franklin County,Ohio,1316756.0,Franklin
2020-09-07,44186.0,1668,"Franklin, Ohio, US",39049.0,Franklin,Ohio,23295,567,2020-09-07,39049.0,Franklin County,Ohio,1316756.0,Franklin
2020-09-08,48841.0,1888,"Franklin, Ohio, US",39049.0,Franklin,Ohio,23477,570,2020-09-08,39049.0,Franklin County,Ohio,1316756.0,Franklin
2020-09-09,53460.0,2044,"Franklin, Ohio, US",39049.0,Franklin,Ohio,23763,572,2020-09-09,39049.0,Franklin County,Ohio,1316756.0,Franklin
2020-09-10,57357.0,2159,"Franklin, Ohio, US",39049.0,Franklin,Ohio,23994,573,2020-09-10,39049.0,Franklin County,Ohio,1316756.0,Franklin
2020-09-11,59385.0,2264,"Franklin, Ohio, US",39049.0,Franklin,Ohio,24144,577,2020-09-11,39049.0,Franklin County,Ohio,1316756.0,Franklin
2020-09-12,60735.0,2304,"Franklin, Ohio, US",39049.0,Franklin,Ohio,24419,579,2020-09-12,39049.0,Franklin County,Ohio,1316756.0,Franklin
2020-09-13,60797.0,2305,"Franklin, Ohio, US",39049.0,Franklin,Ohio,24590,579,2020-09-13,39049.0,Franklin County,Ohio,1316756.0,Franklin
2020-09-14,65375.0,2423,"Franklin, Ohio, US",39049.0,Franklin,Ohio,24832,579,2020-09-14,39049.0,Franklin County,Ohio,1316756.0,Franklin
2020-09-15,69387.0,2502,"Franklin, Ohio, US",39049.0,Franklin,Ohio,25067,593,2020-09-15,39049.0,Franklin County,Ohio,1316756.0,Franklin
2020-09-16,73077.0,2583,"Franklin, Ohio, US",39049.0,Franklin,Ohio,25274,599,2020-09-16,39049.0,Franklin County,Ohio,1316756.0,Franklin
2020-09-17,76098.0,2624,"Franklin, Ohio, US",39049.0,Franklin,Ohio,25445,600,2020-09-17,39049.0,Franklin County,Ohio,1316756.0,Franklin
2020-09-18,77838.0,2673,"Franklin, Ohio, US",39049.0,Franklin,Ohio,25658,603,2020-09-18,39049.0,Franklin County,Ohio,1316756.0,Franklin
2020-09-19,78270.0,2676,"Franklin, Ohio, US",39049.0,Franklin,Ohio,25846,603,2020-09-19,39049.0,Franklin County,Ohio,1316756.0,Franklin
2020-09-20,78270.0,2676,"Franklin, Ohio, US",39049.0,Franklin,Ohio,25977,603,2020-09-20,39049.0,Franklin County,Ohio,1316756.0,Franklin
2020-09-21,82378.0,2734,"Franklin, Ohio, US",39049.0,Franklin,Ohio,26134,603,2020-09-21,39049.0,Franklin County,Ohio,1316756.0,Franklin
2020-09-22,86132.0,2788,"Franklin, Ohio, US",39049.0,Franklin,Ohio,26242,603,2020-09-22,39049.0,Franklin County,Ohio,1316756.0,Franklin
2020-09-23,89916.0,2831,"Franklin, Ohio, US",39049.0,Franklin,Ohio,26393,606,2020-09-23,39049.0,Franklin County,Ohio,1316756.0,Franklin
2020-09-24,93367.0,2869,"Franklin, Ohio, US",39049.0,Franklin,Ohio,26545,606,2020-09-24,39049.0,Franklin County,Ohio,1316756.0,Franklin
2020-09-25,95497.0,2891,"Franklin, Ohio, US",39049.0,Franklin,Ohio,26704,607,2020-09-25,39049.0,Franklin County,Ohio,1316756.0,Franklin
2020-09-26,96212.0,2897,"Franklin, Ohio, US",39049.0,Franklin,Ohio,26872,607,2020-09-26,39049.0,Franklin County,Ohio,1316756.0,Franklin
2020-09-27,96279.0,2897,"Franklin, Ohio, US",39049.0,Franklin,Ohio,26961,607,2020-09-27,39049.0,Franklin County,Ohio,1316756.0,Franklin
2020-09-28,99864.0,2937,"Franklin, Ohio, US",39049.0,Franklin,Ohio,27119,607,2020-09-28,39049.0,Franklin County,Ohio,1316756.0,Franklin
2020-09-29,103626.0,2967,"Franklin, Ohio, US",39049.0,Franklin,Ohio,27283,615,2020-09-29,39049.0,Franklin County,Ohio,1316756.0,Franklin
2020-09-30,107155.0,2987,"Franklin, Ohio, US",39049.0,Franklin,Ohio,27424,615,2020-09-30,39049.0,Franklin County,Ohio,1316756.0,Franklin
2020-10-01,110534.0,3016,"Franklin, Ohio, US",39049.0,Franklin,Ohio,27600,615,2020-10-01,39049.0,Franklin County,Ohio,1316756.0,Franklin
2020-10-02,112661.0,3038,"Franklin, Ohio, US",39049.0,Franklin,Ohio,27770,629,2020-10-02,39049.0,Franklin County,Ohio,1316756.0,Franklin
2020-10-03,112682.0,3049,"Franklin, Ohio, US",39049.0,Franklin,Ohio,27908,630,2020-10-03,39049.0,Franklin County,Ohio,1316756.0,Franklin
2020-10-04,113464.0,3050,"Franklin, Ohio, US",39049.0,Franklin,Ohio,28014,630,2020-10-04,39049.0,Franklin County,Ohio,1316756.0,Franklin
2020-10-05,117272.0,3074,"Franklin, Ohio, US",39049.0,Franklin,Ohio,28131,631,2020-10-05,39049.0,Franklin County,Ohio,1316756.0,Franklin
2020-10-06,121169.0,3110,"Franklin, Ohio, US",39049.0,Franklin,Ohio,28291,633,2020-10-06,39049.0,Franklin County,Ohio,1316756.0,Franklin
2020-10-07,124993.0,3147,"Franklin, Ohio, US",39049.0,Franklin,Ohio,28520,633,2020-10-07,39049.0,Franklin County,Ohio,1316756.0,Franklin
2020-10-08,128796.0,3173,"Franklin, Ohio, US",39049.0,Franklin,Ohio,28661,633,2020-10-08,39049.0,Franklin County,Ohio,1316756.0,Franklin
2020-10-09,131231.0,3190,"Franklin, Ohio, US",39049.0,Franklin,Ohio,28841,635,2020-10-09,39049.0,Franklin County,Ohio,1316756.0,Franklin
2020-10-10,131983.0,3194,"Franklin, Ohio, US",39049.0,Franklin,Ohio,29005,635,2020-10-10,39049.0,Franklin County,Ohio,1316756.0,Franklin
2020-10-11,132016.0,3194,"Franklin, Ohio, US",39049.0,Franklin,Ohio,29141,635,2020-10-11,39049.0,Franklin County,Ohio,1316756.0,Franklin
2020-10-12,135891.0,3227,"Franklin, Ohio, US",39049.0,Franklin,Ohio,29327,635,2020-10-12,39049.0,Franklin County,Ohio,1316756.0,Franklin
2020-10-13,139780.0,3262,"Franklin, Ohio, US",39049.0,Franklin,Ohio,29507,635,2020-10-13,39049.0,Franklin County,Ohio,1316756.0,Franklin
2020-10-14,143441.0,3298,"Franklin, Ohio, US",39049.0,Franklin,Ohio,29698,635,2020-10-14,39049.0,Franklin County,Ohio,1316756.0,Franklin
2020-10-15,147137.0,3323,"Franklin, Ohio, US",39049.0,Franklin,Ohio,29901,635,2020-10-15,39049.0,Franklin County,Ohio,1316756.0,Franklin
2020-10-16,149765.0,3342,"Franklin, Ohio, US",39049.0,Franklin,Ohio,30157,635,2020-10-16,39049.0,Franklin County,Ohio,1316756.0,Franklin
2020-10-17,150491.0,3347,"Franklin, Ohio, US",39049.0,Franklin,Ohio,30401,635,2020-10-17,39049.0,Franklin County,Ohio,1316756.0,Franklin
2020-10-18,150491.0,3347,"Franklin, Ohio, US",39049.0,Franklin,Ohio,30590,635,2020-10-18,39049.0,Franklin County,Ohio,1316756.0,Franklin
2020-10-19,153806.0,3383,"Franklin, Ohio, US",39049.0,Franklin,Ohio,30777,635,2020-10-19,39049.0,Franklin County,Ohio,1316756.0,Franklin
2020-10-20,157457.0,3409,"Franklin, Ohio, US",39049.0,Franklin,Ohio,30978,635,2020-10-20,39049.0,Franklin County,Ohio,1316756.0,Franklin
2020-10-21,161281.0,3442,"Franklin, Ohio, US",39049.0,Franklin,Ohio,31221,639,2020-10-21,39049.0,Franklin County,Ohio,1316756.0,Franklin
2020-10-22,165506.0,3482,"Franklin, Ohio, US",39049.0,Franklin,Ohio,31466,640,2020-10-22,39049.0,Franklin County,Ohio,1316756.0,Franklin
2020-10-23,168664.0,3517,"Franklin, Ohio, US",39049.0,Franklin,Ohio,31703,640,2020-10-23,39049.0,Franklin County,Ohio,1316756.0,Franklin
2020-10-24,169395.0,3521,"Franklin, Ohio, US",39049.0,Franklin,Ohio,31999,642,2020-10-24,39049.0,Franklin County,Ohio,1316756.0,Franklin
2020-10-25,169395.0,3521,"Franklin, Ohio, US",39049.0,Franklin,Ohio,32241,642,2020-10-25,39049.0,Franklin County,Ohio,1316756.0,Franklin
2020-10-26,173185.0,3560,"Franklin, Ohio, US",39049.0,Franklin,Ohio,32468,642,2020-10-26,39049.0,Franklin County,Ohio,1316756.0,Franklin
2020-10-27,176821.0,3597,"Franklin, Ohio, US",39049.0,Franklin,Ohio,32767,642,2020-10-27,39049.0,Franklin County,Ohio,1316756.0,Franklin
2020-10-28,180630.0,3653,"Franklin, Ohio, US",39049.0,Franklin,Ohio,33084,643,2020-10-28,39049.0,Franklin County,Ohio,1316756.0,Franklin
2020-10-29,184062.0,3681,"Franklin, Ohio, US",39049.0,Franklin,Ohio,33397,643,2020-10-29,39049.0,Franklin County,Ohio,1316756.0,Franklin
2020-10-30,187347.0,3698,"Franklin, Ohio, US",39049.0,Franklin,Ohio,33858,643,2020-10-30,39049.0,Franklin County,Ohio,1316756.0,Franklin
2020-10-31,188123.0,3709,"Franklin, Ohio, US",39049.0,Franklin,Ohio,34104,643,2020-10-31,39049.0,Franklin County,Ohio,1316756.0,Franklin
2020-11-01,188123.0,3709,"Franklin, Ohio, US",39049.0,Franklin,Ohio,34517,643,2020-11-01,39049.0,Franklin County,Ohio,1316756.0,Franklin
2020-11-02,192091.0,3769,"Franklin, Ohio, US",39049.0,Franklin,Ohio,34871,643,2020-11-02,39049.0,Franklin County,Ohio,1316756.0,Franklin
2020-11-03,196035.0,3842,"Franklin, Ohio, US",39049.0,Franklin,Ohio,35292,643,2020-11-03,39049.0,Franklin County,Ohio,1316756.0,Franklin
2020-11-04,199985.0,3903,"Franklin, Ohio, US",39049.0,Franklin,Ohio,35700,643,2020-11-04,39049.0,Franklin County,Ohio,1316756.0,Franklin
2020-11-05,204063.0,3982,"Franklin, Ohio, US",39049.0,Franklin,Ohio,36228,643,2020-11-05,39049.0,Franklin County,Ohio,1316756.0,Franklin
2020-11-06,208287.0,4062,"Franklin, Ohio, US",39049.0,Franklin,Ohio,36812,643,2020-11-06,39049.0,Franklin County,Ohio,1316756.0,Franklin
2020-11-07,209222.0,4086,"Franklin, Ohio, US",39049.0,Franklin,Ohio,37523,643,2020-11-07,39049.0,Franklin County,Ohio,1316756.0,Franklin
2020-11-08,209222.0,4086,"Franklin, Ohio, US",39049.0,Franklin,Ohio,38022,643,2020-11-08,39049.0,Franklin County,Ohio,1316756.0,Franklin
2020-11-09,214651.0,4244,"Franklin, Ohio, US",39049.0,Franklin,Ohio,38504,643,2020-11-09,39049.0,Franklin County,Ohio,1316756.0,Franklin
2020-11-10,219583.0,4390,"Franklin, Ohio, US",39049.0,Franklin,Ohio,39230,643,2020-11-10,39049.0,Franklin County,Ohio,1316756.0,Franklin
2020-11-11,219583.0,4390,"Franklin, Ohio, US",39049.0,Franklin,Ohio,39917,645,2020-11-11,39049.0,Franklin County,Ohio,1316756.0,Franklin
2020-11-12,225315.0,4569,"Franklin, Ohio, US",39049.0,Franklin,Ohio,40621,646,2020-11-12,39049.0,Franklin County,Ohio,1316756.0,Franklin
2020-08-01,2.0,0,"Tippecanoe, Indiana, US",18157.0,Tippecanoe,Indiana,1085,11,2020-08-01,18157.0,Tippecanoe County,Indiana,195732.0,Tippecanoe
2020-08-02,18.0,0,"Tippecanoe, Indiana, US",18157.0,Tippecanoe,Indiana,1094,11,2020-08-02,18157.0,Tippecanoe County,Indiana,195732.0,Tippecanoe
2020-08-03,45.0,0,"Tippecanoe, Indiana, US",18157.0,Tippecanoe,Indiana,1103,11,2020-08-03,18157.0,Tippecanoe County,Indiana,195732.0,Tippecanoe
2020-08-04,340.0,2,"Tippecanoe, Indiana, US",18157.0,Tippecanoe,Indiana,1118,11,2020-08-04,18157.0,Tippecanoe County,Indiana,195732.0,Tippecanoe
2020-08-05,395.0,3,"Tippecanoe, Indiana, US",18157.0,Tippecanoe,Indiana,1123,11,2020-08-05,18157.0,Tippecanoe County,Indiana,195732.0,Tippecanoe
2020-08-06,439.0,4,"Tippecanoe, Indiana, US",18157.0,Tippecanoe,Indiana,1146,11,2020-08-06,18157.0,Tippecanoe County,Indiana,195732.0,Tippecanoe
2020-08-07,510.0,4,"Tippecanoe, Indiana, US",18157.0,Tippecanoe,Indiana,1177,11,2020-08-07,18157.0,Tippecanoe County,Indiana,195732.0,Tippecanoe
2020-08-08,552.0,4,"Tippecanoe, Indiana, US",18157.0,Tippecanoe,Indiana,1189,11,2020-08-08,18157.0,Tippecanoe County,Indiana,195732.0,Tippecanoe
2020-08-09,592.0,4,"Tippecanoe, Indiana, US",18157.0,Tippecanoe,Indiana,1211,11,2020-08-09,18157.0,Tippecanoe County,Indiana,195732.0,Tippecanoe
2020-08-10,674.0,5,"Tippecanoe, Indiana, US",18157.0,Tippecanoe,Indiana,1221,11,2020-08-10,18157.0,Tippecanoe County,Indiana,195732.0,Tippecanoe
2020-08-11,854.0,6,"Tippecanoe, Indiana, US",18157.0,Tippecanoe,Indiana,1238,11,2020-08-11,18157.0,Tippecanoe County,Indiana,195732.0,Tippecanoe
2020-08-12,1127.0,6,"Tippecanoe, Indiana, US",18157.0,Tippecanoe,Indiana,1245,11,2020-08-12,18157.0,Tippecanoe County,Indiana,195732.0,Tippecanoe
2020-08-13,1241.0,8,"Tippecanoe, Indiana, US",18157.0,Tippecanoe,Indiana,1263,12,2020-08-13,18157.0,Tippecanoe County,Indiana,195732.0,Tippecanoe
2020-08-14,1446.0,9,"Tippecanoe, Indiana, US",18157.0,Tippecanoe,Indiana,1293,12,2020-08-14,18157.0,Tippecanoe County,Indiana,195732.0,Tippecanoe
2020-08-15,1580.0,13,"Tippecanoe, Indiana, US",18157.0,Tippecanoe,Indiana,1316,12,2020-08-15,18157.0,Tippecanoe County,Indiana,195732.0,Tippecanoe
2020-08-16,1677.0,15,"Tippecanoe, Indiana, US",18157.0,Tippecanoe,Indiana,1337,12,2020-08-16,18157.0,Tippecanoe County,Indiana,195732.0,Tippecanoe
2020-08-17,1894.0,25,"Tippecanoe, Indiana, US",18157.0,Tippecanoe,Indiana,1352,12,2020-08-17,18157.0,Tippecanoe County,Indiana,195732.0,Tippecanoe
2020-08-18,2121.0,25,"Tippecanoe, Indiana, US",18157.0,Tippecanoe,Indiana,1363,12,2020-08-18,18157.0,Tippecanoe County,Indiana,195732.0,Tippecanoe
2020-08-19,2516.0,29,"Tippecanoe, Indiana, US",18157.0,Tippecanoe,Indiana,1369,12,2020-08-19,18157.0,Tippecanoe County,Indiana,195732.0,Tippecanoe
2020-08-20,2784.0,38,"Tippecanoe, Indiana, US",18157.0,Tippecanoe,Indiana,1383,12,2020-08-20,18157.0,Tippecanoe County,Indiana,195732.0,Tippecanoe
2020-08-21,3157.0,52,"Tippecanoe, Indiana, US",18157.0,Tippecanoe,Indiana,1402,13,2020-08-21,18157.0,Tippecanoe County,Indiana,195732.0,Tippecanoe
2020-08-22,3391.0,56,"Tippecanoe, Indiana, US",18157.0,Tippecanoe,Indiana,1433,13,2020-08-22,18157.0,Tippecanoe County,Indiana,195732.0,Tippecanoe
2020-08-23,3647.0,67,"Tippecanoe, Indiana, US",18157.0,Tippecanoe,Indiana,1442,13,2020-08-23,18157.0,Tippecanoe County,Indiana,195732.0,Tippecanoe
2020-08-24,4227.0,83,"Tippecanoe, Indiana, US",18157.0,Tippecanoe,Indiana,1464,13,2020-08-24,18157.0,Tippecanoe County,Indiana,195732.0,Tippecanoe
2020-08-25,4468.0,90,"Tippecanoe, Indiana, US",18157.0,Tippecanoe,Indiana,1475,13,2020-08-25,18157.0,Tippecanoe County,Indiana,195732.0,Tippecanoe
2020-08-26,5079.0,98,"Tippecanoe, Indiana, US",18157.0,Tippecanoe,Indiana,1500,13,2020-08-26,18157.0,Tippecanoe County,Indiana,195732.0,Tippecanoe
2020-08-27,5257.0,107,"Tippecanoe, Indiana, US",18157.0,Tippecanoe,Indiana,1515,13,2020-08-27,18157.0,Tippecanoe County,Indiana,195732.0,Tippecanoe
2020-08-28,5906.0,133,"Tippecanoe, Indiana, US",18157.0,Tippecanoe,Indiana,1526,13,2020-08-28,18157.0,Tippecanoe County,Indiana,195732.0,Tippecanoe
2020-08-29,6112.0,136,"Tippecanoe, Indiana, US",18157.0,Tippecanoe,Indiana,1554,13,2020-08-29,18157.0,Tippecanoe County,Indiana,195732.0,Tippecanoe
2020-08-30,6361.0,140,"Tippecanoe, Indiana, US",18157.0,Tippecanoe,Indiana,1570,13,2020-08-30,18157.0,Tippecanoe County,Indiana,195732.0,Tippecanoe
2020-08-31,7605.0,174,"Tippecanoe, Indiana, US",18157.0,Tippecanoe,Indiana,1584,13,2020-08-31,18157.0,Tippecanoe County,Indiana,195732.0,Tippecanoe
2020-09-01,8400.0,201,"Tippecanoe, Indiana, US",18157.0,Tippecanoe,Indiana,1589,13,2020-09-01,18157.0,Tippecanoe County,Indiana,195732.0,Tippecanoe
2020-09-02,10335.0,219,"Tippecanoe, Indiana, US",18157.0,Tippecanoe,Indiana,1618,13,2020-09-02,18157.0,Tippecanoe County,Indiana,195732.0,Tippecanoe
2020-09-03,11268.0,267,"Tippecanoe, Indiana, US",18157.0,Tippecanoe,Indiana,1634,13,2020-09-03,18157.0,Tippecanoe County,Indiana,195732.0,Tippecanoe
2020-09-04,11924.0,279,"Tippecanoe, Indiana, US",18157.0,Tippecanoe,Indiana,1690,13,2020-09-04,18157.0,Tippecanoe County,Indiana,195732.0,Tippecanoe
2020-09-05,12213.0,304,"Tippecanoe, Indiana, US",18157.0,Tippecanoe,Indiana,1706,13,2020-09-05,18157.0,Tippecanoe County,Indiana,195732.0,Tippecanoe
2020-09-06,12438.0,316,"Tippecanoe, Indiana, US",18157.0,Tippecanoe,Indiana,1736,13,2020-09-06,18157.0,Tippecanoe County,Indiana,195732.0,Tippecanoe
2020-09-07,13316.0,336,"Tippecanoe, Indiana, US",18157.0,Tippecanoe,Indiana,1755,13,2020-09-07,18157.0,Tippecanoe County,Indiana,195732.0,Tippecanoe
2020-09-08,14293.0,379,"Tippecanoe, Indiana, US",18157.0,Tippecanoe,Indiana,1761,13,2020-09-08,18157.0,Tippecanoe County,Indiana,195732.0,Tippecanoe
2020-09-09,15771.0,418,"Tippecanoe, Indiana, US",18157.0,Tippecanoe,Indiana,1785,13,2020-09-09,18157.0,Tippecanoe County,Indiana,195732.0,Tippecanoe
2020-09-10,16713.0,444,"Tippecanoe, Indiana, US",18157.0,Tippecanoe,Indiana,1819,13,2020-09-10,18157.0,Tippecanoe County,Indiana,195732.0,Tippecanoe
2020-09-11,17521.0,470,"Tippecanoe, Indiana, US",18157.0,Tippecanoe,Indiana,1902,13,2020-09-11,18157.0,Tippecanoe County,Indiana,195732.0,Tippecanoe
2020-09-12,17750.0,481,"Tippecanoe, Indiana, US",18157.0,Tippecanoe,Indiana,1964,13,2020-09-12,18157.0,Tippecanoe County,Indiana,195732.0,Tippecanoe
2020-09-13,17957.0,489,"Tippecanoe, Indiana, US",18157.0,Tippecanoe,Indiana,1991,13,2020-09-13,18157.0,Tippecanoe County,Indiana,195732.0,Tippecanoe
2020-09-14,18973.0,513,"Tippecanoe, Indiana, US",18157.0,Tippecanoe,Indiana,1998,13,2020-09-14,18157.0,Tippecanoe County,Indiana,195732.0,Tippecanoe
2020-09-15,19918.0,545,"Tippecanoe, Indiana, US",18157.0,Tippecanoe,Indiana,2029,13,2020-09-15,18157.0,Tippecanoe County,Indiana,195732.0,Tippecanoe
2020-09-16,21589.0,575,"Tippecanoe, Indiana, US",18157.0,Tippecanoe,Indiana,2082,13,2020-09-16,18157.0,Tippecanoe County,Indiana,195732.0,Tippecanoe
2020-09-17,22400.0,591,"Tippecanoe, Indiana, US",18157.0,Tippecanoe,Indiana,2113,13,2020-09-17,18157.0,Tippecanoe County,Indiana,195732.0,Tippecanoe
2020-09-18,23050.0,617,"Tippecanoe, Indiana, US",18157.0,Tippecanoe,Indiana,2142,13,2020-09-18,18157.0,Tippecanoe County,Indiana,195732.0,Tippecanoe
2020-09-19,23268.0,628,"Tippecanoe, Indiana, US",18157.0,Tippecanoe,Indiana,2184,13,2020-09-19,18157.0,Tippecanoe County,Indiana,195732.0,Tippecanoe
2020-09-20,23402.0,643,"Tippecanoe, Indiana, US",18157.0,Tippecanoe,Indiana,2210,13,2020-09-20,18157.0,Tippecanoe County,Indiana,195732.0,Tippecanoe
2020-09-21,24162.0,661,"Tippecanoe, Indiana, US",18157.0,Tippecanoe,Indiana,2233,13,2020-09-21,18157.0,Tippecanoe County,Indiana,195732.0,Tippecanoe
2020-09-22,24987.0,687,"Tippecanoe, Indiana, US",18157.0,Tippecanoe,Indiana,2269,13,2020-09-22,18157.0,Tippecanoe County,Indiana,195732.0,Tippecanoe
2020-09-23,26589.0,741,"Tippecanoe, Indiana, US",18157.0,Tippecanoe,Indiana,2312,13,2020-09-23,18157.0,Tippecanoe County,Indiana,195732.0,Tippecanoe
2020-09-24,27436.0,787,"Tippecanoe, Indiana, US",18157.0,Tippecanoe,Indiana,2347,13,2020-09-24,18157.0,Tippecanoe County,Indiana,195732.0,Tippecanoe
2020-09-25,28322.0,805,"Tippecanoe, Indiana, US",18157.0,Tippecanoe,Indiana,2391,13,2020-09-25,18157.0,Tippecanoe County,Indiana,195732.0,Tippecanoe
2020-09-26,28634.0,839,"Tippecanoe, Indiana, US",18157.0,Tippecanoe,Indiana,2483,13,2020-09-26,18157.0,Tippecanoe County,Indiana,195732.0,Tippecanoe
2020-09-27,28921.0,862,"Tippecanoe, Indiana, US",18157.0,Tippecanoe,Indiana,2523,13,2020-09-27,18157.0,Tippecanoe County,Indiana,195732.0,Tippecanoe
2020-09-28,29680.0,878,"Tippecanoe, Indiana, US",18157.0,Tippecanoe,Indiana,2566,13,2020-09-28,18157.0,Tippecanoe County,Indiana,195732.0,Tippecanoe
2020-09-29,30513.0,900,"Tippecanoe, Indiana, US",18157.0,Tippecanoe,Indiana,2590,13,2020-09-29,18157.0,Tippecanoe County,Indiana,195732.0,Tippecanoe
2020-09-30,31844.0,924,"Tippecanoe, Indiana, US",18157.0,Tippecanoe,Indiana,2652,13,2020-09-30,18157.0,Tippecanoe County,Indiana,195732.0,Tippecanoe
2020-10-01,32870.0,945,"Tippecanoe, Indiana, US",18157.0,Tippecanoe,Indiana,2687,13,2020-10-01,18157.0,Tippecanoe County,Indiana,195732.0,Tippecanoe
2020-10-02,33746.0,957,"Tippecanoe, Indiana, US",18157.0,Tippecanoe,Indiana,2730,13,2020-10-02,18157.0,Tippecanoe County,Indiana,195732.0,Tippecanoe
2020-10-03,34089.0,961,"Tippecanoe, Indiana, US",18157.0,Tippecanoe,Indiana,2777,13,2020-10-03,18157.0,Tippecanoe County,Indiana,195732.0,Tippecanoe
2020-10-04,34405.0,977,"Tippecanoe, Indiana, US",18157.0,Tippecanoe,Indiana,2812,13,2020-10-04,18157.0,Tippecanoe County,Indiana,195732.0,Tippecanoe
2020-10-05,35190.0,1005,"Tippecanoe, Indiana, US",18157.0,Tippecanoe,Indiana,2843,13,2020-10-05,18157.0,Tippecanoe County,Indiana,195732.0,Tippecanoe
2020-10-06,36101.0,1031,"Tippecanoe, Indiana, US",18157.0,Tippecanoe,Indiana,2866,13,2020-10-06,18157.0,Tippecanoe County,Indiana,195732.0,Tippecanoe
2020-10-07,37634.0,1067,"Tippecanoe, Indiana, US",18157.0,Tippecanoe,Indiana,2914,13,2020-10-07,18157.0,Tippecanoe County,Indiana,195732.0,Tippecanoe
2020-10-08,38695.0,1107,"Tippecanoe, Indiana, US",18157.0,Tippecanoe,Indiana,2960,13,2020-10-08,18157.0,Tippecanoe County,Indiana,195732.0,Tippecanoe
2020-10-09,39701.0,1139,"Tippecanoe, Indiana, US",18157.0,Tippecanoe,Indiana,3035,13,2020-10-09,18157.0,Tippecanoe County,Indiana,195732.0,Tippecanoe
2020-10-10,40065.0,1147,"Tippecanoe, Indiana, US",18157.0,Tippecanoe,Indiana,3080,13,2020-10-10,18157.0,Tippecanoe County,Indiana,195732.0,Tippecanoe
2020-10-11,40324.0,1158,"Tippecanoe, Indiana, US",18157.0,Tippecanoe,Indiana,3130,13,2020-10-11,18157.0,Tippecanoe County,Indiana,195732.0,Tippecanoe
2020-10-12,41164.0,1186,"Tippecanoe, Indiana, US",18157.0,Tippecanoe,Indiana,3169,13,2020-10-12,18157.0,Tippecanoe County,Indiana,195732.0,Tippecanoe
2020-10-13,41986.0,1208,"Tippecanoe, Indiana, US",18157.0,Tippecanoe,Indiana,3204,13,2020-10-13,18157.0,Tippecanoe County,Indiana,195732.0,Tippecanoe
2020-10-14,43502.0,1244,"Tippecanoe, Indiana, US",18157.0,Tippecanoe,Indiana,3244,13,2020-10-14,18157.0,Tippecanoe County,Indiana,195732.0,Tippecanoe
2020-10-15,44519.0,1256,"Tippecanoe, Indiana, US",18157.0,Tippecanoe,Indiana,3311,13,2020-10-15,18157.0,Tippecanoe County,Indiana,195732.0,Tippecanoe
2020-10-16,45394.0,1268,"Tippecanoe, Indiana, US",18157.0,Tippecanoe,Indiana,3377,13,2020-10-16,18157.0,Tippecanoe County,Indiana,195732.0,Tippecanoe
2020-10-17,45641.0,1276,"Tippecanoe, Indiana, US",18157.0,Tippecanoe,Indiana,3428,14,2020-10-17,18157.0,Tippecanoe County,Indiana,195732.0,Tippecanoe
2020-10-18,45886.0,1295,"Tippecanoe, Indiana, US",18157.0,Tippecanoe,Indiana,3464,14,2020-10-18,18157.0,Tippecanoe County,Indiana,195732.0,Tippecanoe
2020-10-19,46889.0,1336,"Tippecanoe, Indiana, US",18157.0,Tippecanoe,Indiana,3509,14,2020-10-19,18157.0,Tippecanoe County,Indiana,195732.0,Tippecanoe
2020-10-20,47965.0,1371,"Tippecanoe, Indiana, US",18157.0,Tippecanoe,Indiana,3547,14,2020-10-20,18157.0,Tippecanoe County,Indiana,195732.0,Tippecanoe
2020-10-21,49472.0,1429,"Tippecanoe, Indiana, US",18157.0,Tippecanoe,Indiana,3587,14,2020-10-21,18157.0,Tippecanoe County,Indiana,195732.0,Tippecanoe
2020-10-22,50542.0,1463,"Tippecanoe, Indiana, US",18157.0,Tippecanoe,Indiana,3695,15,2020-10-22,18157.0,Tippecanoe County,Indiana,195732.0,Tippecanoe
2020-10-23,51303.0,1489,"Tippecanoe, Indiana, US",18157.0,Tippecanoe,Indiana,3759,15,2020-10-23,18157.0,Tippecanoe County,Indiana,195732.0,Tippecanoe
2020-10-24,51585.0,1516,"Tippecanoe, Indiana, US",18157.0,Tippecanoe,Indiana,3836,15,2020-10-24,18157.0,Tippecanoe County,Indiana,195732.0,Tippecanoe
2020-10-25,51826.0,1524,"Tippecanoe, Indiana, US",18157.0,Tippecanoe,Indiana,3918,15,2020-10-25,18157.0,Tippecanoe County,Indiana,195732.0,Tippecanoe
2020-10-26,53081.0,1580,"Tippecanoe, Indiana, US",18157.0,Tippecanoe,Indiana,3967,15,2020-10-26,18157.0,Tippecanoe County,Indiana,195732.0,Tippecanoe
2020-10-27,54292.0,1645,"Tippecanoe, Indiana, US",18157.0,Tippecanoe,Indiana,4024,16,2020-10-27,18157.0,Tippecanoe County,Indiana,195732.0,Tippecanoe
2020-10-28,55899.0,1709,"Tippecanoe, Indiana, US",18157.0,Tippecanoe,Indiana,4098,16,2020-10-28,18157.0,Tippecanoe County,Indiana,195732.0,Tippecanoe
2020-10-29,56767.0,1730,"Tippecanoe, Indiana, US",18157.0,Tippecanoe,Indiana,4246,16,2020-10-29,18157.0,Tippecanoe County,Indiana,195732.0,Tippecanoe
2020-10-30,57506.0,1756,"Tippecanoe, Indiana, US",18157.0,Tippecanoe,Indiana,4365,16,2020-10-30,18157.0,Tippecanoe County,Indiana,195732.0,Tippecanoe
2020-10-31,57735.0,1763,"Tippecanoe, Indiana, US",18157.0,Tippecanoe,Indiana,4421,16,2020-10-31,18157.0,Tippecanoe County,Indiana,195732.0,Tippecanoe
2020-11-01,58017.0,1785,"Tippecanoe, Indiana, US",18157.0,Tippecanoe,Indiana,4499,17,2020-11-01,18157.0,Tippecanoe County,Indiana,195732.0,Tippecanoe
2020-11-02,58972.0,1813,"Tippecanoe, Indiana, US",18157.0,Tippecanoe,Indiana,4622,17,2020-11-02,18157.0,Tippecanoe County,Indiana,195732.0,Tippecanoe
2020-11-03,60296.0,1889,"Tippecanoe, Indiana, US",18157.0,Tippecanoe,Indiana,4688,17,2020-11-03,18157.0,Tippecanoe County,Indiana,195732.0,Tippecanoe
2020-11-04,61773.0,2004,"Tippecanoe, Indiana, US",18157.0,Tippecanoe,Indiana,4816,17,2020-11-04,18157.0,Tippecanoe County,Indiana,195732.0,Tippecanoe
2020-11-05,62829.0,2075,"Tippecanoe, Indiana, US",18157.0,Tippecanoe,Indiana,5003,18,2020-11-05,18157.0,Tippecanoe County,Indiana,195732.0,Tippecanoe
2020-11-06,63738.0,2124,"Tippecanoe, Indiana, US",18157.0,Tippecanoe,Indiana,5137,19,2020-11-06,18157.0,Tippecanoe County,Indiana,195732.0,Tippecanoe
2020-11-07,64130.0,2157,"Tippecanoe, Indiana, US",18157.0,Tippecanoe,Indiana,5294,22,2020-11-07,18157.0,Tippecanoe County,Indiana,195732.0,Tippecanoe
2020-11-08,64488.0,2189,"Tippecanoe, Indiana, US",18157.0,Tippecanoe,Indiana,5446,22,2020-11-08,18157.0,Tippecanoe County,Indiana,195732.0,Tippecanoe
2020-11-09,65703.0,2247,"Tippecanoe, Indiana, US",18157.0,Tippecanoe,Indiana,5570,22,2020-11-09,18157.0,Tippecanoe County,Indiana,195732.0,Tippecanoe
2020-11-10,66857.0,2333,"Tippecanoe, Indiana, US",18157.0,Tippecanoe,Indiana,5746,22,2020-11-10,18157.0,Tippecanoe County,Indiana,195732.0,Tippecanoe
2020-11-11,68463.0,2388,"Tippecanoe, Indiana, US",18157.0,Tippecanoe,Indiana,5842,22,2020-11-11,18157.0,Tippecanoe County,Indiana,195732.0,Tippecanoe
2020-11-12,69524.0,2428,"Tippecanoe, Indiana, US",18157.0,Tippecanoe,Indiana,6046,23,2020-11-12,18157.0,Tippecanoe County,Indiana,195732.0,Tippecanoe
2020-11-13,70376.0,2460,"Tippecanoe, Indiana, US",18157.0,Tippecanoe,Indiana,6132,23,2020-11-13,18157.0,Tippecanoe County,Indiana,195732.0,Tippecanoe
