University,Date,Tests,Confirmed,CountyKey,FIPS,Admin2,Province_State,Confirmed_County,Deaths,Date_County,countyFIPS,County Name,State,population,County,Province_State_State,People_Tested,Confirmed_State,Deaths_State,FIPS_State,Date_State
Illinois,2020-07-06,99.0,0,"Champaign, Illinois, US",17019.0,Champaign,Illinois,960.0,15.0,2020-07-06,17019.0,Champaign County,Illinois,209689.0,Champaign,Illinois,1783962.0,147865.0,7026.0,17.0,2020-07-06
Illinois,2020-07-07,335.0,0,"Champaign, Illinois, US",17019.0,Champaign,Illinois,973.0,15.0,2020-07-07,17019.0,Champaign County,Illinois,209689.0,Champaign,Illinois,1810956.0,149574.0,7273.0,17.0,2020-07-07
Illinois,2020-07-08,933.0,2,"Champaign, Illinois, US",17019.0,Champaign,Illinois,992.0,17.0,2020-07-08,17019.0,Champaign County,Illinois,209689.0,Champaign,Illinois,1843698.0,150554.0,7309.0,17.0,2020-07-08
Illinois,2020-07-09,1652.0,3,"Champaign, Illinois, US",17019.0,Champaign,Illinois,1010.0,17.0,2020-07-09,17019.0,Champaign County,Illinois,209689.0,Champaign,Illinois,1879878.0,151572.0,7329.0,17.0,2020-07-09
Illinois,2020-07-10,2382.0,8,"Champaign, Illinois, US",17019.0,Champaign,Illinois,1018.0,17.0,2020-07-10,17019.0,Champaign County,Illinois,209689.0,Champaign,Illinois,1912875.0,152899.0,7345.0,17.0,2020-07-10
Illinois,2020-07-11,2382.0,8,"Champaign, Illinois, US",17019.0,Champaign,Illinois,1038.0,17.0,2020-07-11,17019.0,Champaign County,Illinois,209689.0,Champaign,Illinois,1945220.0,154094.0,7369.0,17.0,2020-07-11
Illinois,2020-07-12,2382.0,8,"Champaign, Illinois, US",17019.0,Champaign,Illinois,1040.0,17.0,2020-07-12,17019.0,Champaign County,Illinois,209689.0,Champaign,Illinois,1984114.0,155048.0,7388.0,17.0,2020-07-12
Illinois,2020-07-13,3051.0,10,"Champaign, Illinois, US",17019.0,Champaign,Illinois,1041.0,17.0,2020-07-13,17019.0,Champaign County,Illinois,209689.0,Champaign,Illinois,2014126.0,155931.0,7394.0,17.0,2020-07-13
Illinois,2020-07-14,3679.0,12,"Champaign, Illinois, US",17019.0,Champaign,Illinois,1057.0,17.0,2020-07-14,17019.0,Champaign County,Illinois,209689.0,Champaign,Illinois,2042572.0,156638.0,7419.0,17.0,2020-07-14
Illinois,2020-07-15,4217.0,18,"Champaign, Illinois, US",17019.0,Champaign,Illinois,1089.0,17.0,2020-07-15,17019.0,Champaign County,Illinois,209689.0,Champaign,Illinois,2080733.0,157825.0,7427.0,17.0,2020-07-15
Illinois,2020-07-16,4834.0,25,"Champaign, Illinois, US",17019.0,Champaign,Illinois,1121.0,17.0,2020-07-16,17019.0,Champaign County,Illinois,209689.0,Champaign,Illinois,2123739.0,159082.0,7452.0,17.0,2020-07-16
Illinois,2020-07-17,5559.0,28,"Champaign, Illinois, US",17019.0,Champaign,Illinois,1165.0,17.0,2020-07-17,17019.0,Champaign County,Illinois,209689.0,Champaign,Illinois,2167474.0,160509.0,7465.0,17.0,2020-07-17
Illinois,2020-07-18,5559.0,28,"Champaign, Illinois, US",17019.0,Champaign,Illinois,1203.0,17.0,2020-07-18,17019.0,Champaign County,Illinois,209689.0,Champaign,Illinois,2213573.0,161785.0,7483.0,17.0,2020-07-18
Illinois,2020-07-19,5559.0,28,"Champaign, Illinois, US",17019.0,Champaign,Illinois,1209.0,17.0,2020-07-19,17019.0,Champaign County,Illinois,209689.0,Champaign,Illinois,2245686.0,162750.0,7488.0,17.0,2020-07-19
Illinois,2020-07-20,6399.0,31,"Champaign, Illinois, US",17019.0,Champaign,Illinois,1249.0,17.0,2020-07-20,17019.0,Champaign County,Illinois,209689.0,Champaign,Illinois,2280284.0,163922.0,7494.0,17.0,2020-07-20
Illinois,2020-07-21,6906.0,34,"Champaign, Illinois, US",17019.0,Champaign,Illinois,1263.0,17.0,2020-07-21,17019.0,Champaign County,Illinois,209689.0,Champaign,Illinois,2310029.0,164864.0,7517.0,17.0,2020-07-21
Illinois,2020-07-22,7538.0,37,"Champaign, Illinois, US",17019.0,Champaign,Illinois,1293.0,17.0,2020-07-22,17019.0,Champaign County,Illinois,209689.0,Champaign,Illinois,2349662.0,166475.0,7540.0,17.0,2020-07-22
Illinois,2020-07-23,8290.0,43,"Champaign, Illinois, US",17019.0,Champaign,Illinois,1318.0,17.0,2020-07-23,17019.0,Champaign County,Illinois,209689.0,Champaign,Illinois,2389368.0,168096.0,7560.0,17.0,2020-07-23
Illinois,2020-07-24,9128.0,46,"Champaign, Illinois, US",17019.0,Champaign,Illinois,1350.0,17.0,2020-07-24,17019.0,Champaign County,Illinois,209689.0,Champaign,Illinois,2433765.0,169696.0,7577.0,17.0,2020-07-24
Illinois,2020-07-25,9128.0,46,"Champaign, Illinois, US",17019.0,Champaign,Illinois,1366.0,17.0,2020-07-25,17019.0,Champaign County,Illinois,209689.0,Champaign,Illinois,2471965.0,171122.0,7589.0,17.0,2020-07-25
Illinois,2020-07-26,9128.0,46,"Champaign, Illinois, US",17019.0,Champaign,Illinois,1388.0,17.0,2020-07-26,17019.0,Champaign County,Illinois,209689.0,Champaign,Illinois,2512809.0,172663.0,7590.0,17.0,2020-07-26
Illinois,2020-07-27,9963.0,50,"Champaign, Illinois, US",17019.0,Champaign,Illinois,1419.0,17.0,2020-07-27,17019.0,Champaign County,Illinois,209689.0,Champaign,Illinois,2543376.0,173894.0,7608.0,17.0,2020-07-27
Illinois,2020-07-28,10704.0,52,"Champaign, Illinois, US",17019.0,Champaign,Illinois,1425.0,18.0,2020-07-28,17019.0,Champaign County,Illinois,209689.0,Champaign,Illinois,2571707.0,174968.0,7638.0,17.0,2020-07-28
Illinois,2020-07-29,11449.0,52,"Champaign, Illinois, US",17019.0,Champaign,Illinois,1442.0,18.0,2020-07-29,17019.0,Champaign County,Illinois,209689.0,Champaign,Illinois,2609894.0,176363.0,7654.0,17.0,2020-07-29
Illinois,2020-07-30,12185.0,56,"Champaign, Illinois, US",17019.0,Champaign,Illinois,1453.0,19.0,2020-07-30,17019.0,Champaign County,Illinois,209689.0,Champaign,Illinois,2651028.0,178135.0,7670.0,17.0,2020-07-30
Illinois,2020-07-31,13243.0,57,"Champaign, Illinois, US",17019.0,Champaign,Illinois,1486.0,19.0,2020-07-31,17019.0,Champaign County,Illinois,209689.0,Champaign,Illinois,2700849.0,180115.0,7692.0,17.0,2020-07-31
Illinois,2020-08-01,13243.0,57,"Champaign, Illinois, US",17019.0,Champaign,Illinois,1513.0,19.0,2020-08-01,17019.0,Champaign County,Illinois,209689.0,Champaign,Illinois,2740658.0,181754.0,7700.0,17.0,2020-08-01
Illinois,2020-08-02,13243.0,57,"Champaign, Illinois, US",17019.0,Champaign,Illinois,1544.0,19.0,2020-08-02,17019.0,Champaign County,Illinois,209689.0,Champaign,Illinois,2779603.0,183224.0,7714.0,17.0,2020-08-02
Illinois,2020-08-03,15139.0,58,"Champaign, Illinois, US",17019.0,Champaign,Illinois,1547.0,19.0,2020-08-03,17019.0,Champaign County,Illinois,209689.0,Champaign,Illinois,2808078.0,184522.0,7723.0,17.0,2020-08-03
Illinois,2020-08-04,16898.0,61,"Champaign, Illinois, US",17019.0,Champaign,Illinois,1576.0,19.0,2020-08-04,17019.0,Champaign County,Illinois,209689.0,Champaign,Illinois,2850676.0,185993.0,7742.0,17.0,2020-08-04
Illinois,2020-08-05,18303.0,66,"Champaign, Illinois, US",17019.0,Champaign,Illinois,1593.0,19.0,2020-08-05,17019.0,Champaign County,Illinois,209689.0,Champaign,Illinois,2897344.0,187752.0,7770.0,17.0,2020-08-05
Illinois,2020-08-06,20126.0,71,"Champaign, Illinois, US",17019.0,Champaign,Illinois,1615.0,19.0,2020-08-06,17019.0,Champaign County,Illinois,209689.0,Champaign,Illinois,2939030.0,189705.0,7791.0,17.0,2020-08-06
Illinois,2020-08-07,22635.0,77,"Champaign, Illinois, US",17019.0,Champaign,Illinois,1625.0,19.0,2020-08-07,17019.0,Champaign County,Illinois,209689.0,Champaign,Illinois,2985918.0,191808.0,7822.0,17.0,2020-08-07
Illinois,2020-08-08,22635.0,77,"Champaign, Illinois, US",17019.0,Champaign,Illinois,1663.0,19.0,2020-08-08,17019.0,Champaign County,Illinois,209689.0,Champaign,Illinois,3033934.0,193998.0,7840.0,17.0,2020-08-08
Illinois,2020-08-09,22635.0,77,"Champaign, Illinois, US",17019.0,Champaign,Illinois,1669.0,19.0,2020-08-09,17019.0,Champaign County,Illinois,209689.0,Champaign,Illinois,3075288.0,195380.0,7845.0,17.0,2020-08-09
Illinois,2020-08-10,26745.0,79,"Champaign, Illinois, US",17019.0,Champaign,Illinois,1686.0,19.0,2020-08-10,17019.0,Champaign County,Illinois,209689.0,Champaign,Illinois,3107641.0,196699.0,7846.0,17.0,2020-08-10
Illinois,2020-08-11,30355.0,83,"Champaign, Illinois, US",17019.0,Champaign,Illinois,1693.0,19.0,2020-08-11,17019.0,Champaign County,Illinois,209689.0,Champaign,Illinois,3149003.0,198248.0,7866.0,17.0,2020-08-11
Illinois,2020-08-12,32793.0,87,"Champaign, Illinois, US",17019.0,Champaign,Illinois,1709.0,19.0,2020-08-12,17019.0,Champaign County,Illinois,209689.0,Champaign,Illinois,3191101.0,199893.0,7881.0,17.0,2020-08-12
Illinois,2020-08-13,32793.0,87,"Champaign, Illinois, US",17019.0,Champaign,Illinois,1729.0,19.0,2020-08-13,17019.0,Champaign County,Illinois,209689.0,Champaign,Illinois,3237107.0,201727.0,7905.0,17.0,2020-08-13
Illinois,2020-08-14,32793.0,87,"Champaign, Illinois, US",17019.0,Champaign,Illinois,1737.0,19.0,2020-08-14,17019.0,Champaign County,Illinois,209689.0,Champaign,Illinois,3286680.0,204023.0,7932.0,17.0,2020-08-14
Illinois,2020-08-15,34429.0,93,"Champaign, Illinois, US",17019.0,Champaign,Illinois,1752.0,19.0,2020-08-15,17019.0,Champaign County,Illinois,209689.0,Champaign,Illinois,3331094.0,205851.0,7937.0,17.0,2020-08-15
Illinois,2020-08-16,36882.0,100,"Champaign, Illinois, US",17019.0,Champaign,Illinois,1766.0,19.0,2020-08-16,17019.0,Champaign County,Illinois,209689.0,Champaign,Illinois,3368183.0,207412.0,7955.0,17.0,2020-08-16
Illinois,2020-08-17,45946.0,124,"Champaign, Illinois, US",17019.0,Champaign,Illinois,1776.0,19.0,2020-08-17,17019.0,Champaign County,Illinois,209689.0,Champaign,Illinois,3406429.0,209185.0,7967.0,17.0,2020-08-17
Illinois,2020-08-18,52108.0,144,"Champaign, Illinois, US",17019.0,Champaign,Illinois,1793.0,19.0,2020-08-18,17019.0,Champaign County,Illinois,209689.0,Champaign,Illinois,3440604.0,210924.0,7994.0,17.0,2020-08-18
Illinois,2020-08-19,58408.0,173,"Champaign, Illinois, US",17019.0,Champaign,Illinois,1827.0,19.0,2020-08-19,17019.0,Champaign County,Illinois,209689.0,Champaign,Illinois,3490903.0,213220.0,8017.0,17.0,2020-08-19
Illinois,2020-08-20,69150.0,225,"Champaign, Illinois, US",17019.0,Champaign,Illinois,1835.0,20.0,2020-08-20,17019.0,Champaign County,Illinois,209689.0,Champaign,Illinois,3542515.0,215052.0,8044.0,17.0,2020-08-20
Illinois,2020-08-21,80027.0,279,"Champaign, Illinois, US",17019.0,Champaign,Illinois,1881.0,20.0,2020-08-21,17019.0,Champaign County,Illinois,209689.0,Champaign,Illinois,3594336.0,217345.0,8066.0,17.0,2020-08-21
Illinois,2020-08-22,83353.0,322,"Champaign, Illinois, US",17019.0,Champaign,Illinois,1929.0,20.0,2020-08-22,17019.0,Champaign County,Illinois,209689.0,Champaign,Illinois,3651102.0,219701.0,8083.0,17.0,2020-08-22
Illinois,2020-08-23,87827.0,375,"Champaign, Illinois, US",17019.0,Champaign,Illinois,2027.0,20.0,2020-08-23,17019.0,Champaign County,Illinois,209689.0,Champaign,Illinois,3705453.0,221594.0,8089.0,17.0,2020-08-23
Illinois,2020-08-24,105483.0,454,"Champaign, Illinois, US",17019.0,Champaign,Illinois,2078.0,20.0,2020-08-24,17019.0,Champaign County,Illinois,209689.0,Champaign,Illinois,3741608.0,223206.0,8097.0,17.0,2020-08-24
Illinois,2020-08-25,121333.0,543,"Champaign, Illinois, US",17019.0,Champaign,Illinois,2100.0,20.0,2020-08-25,17019.0,Champaign County,Illinois,209689.0,Champaign,Illinois,3782467.0,224887.0,8126.0,17.0,2020-08-25
Illinois,2020-08-26,128145.0,597,"Champaign, Illinois, US",17019.0,Champaign,Illinois,2187.0,20.0,2020-08-26,17019.0,Champaign County,Illinois,209689.0,Champaign,Illinois,3832829.0,227043.0,8163.0,17.0,2020-08-26
Illinois,2020-08-27,143268.0,657,"Champaign, Illinois, US",17019.0,Champaign,Illinois,2210.0,20.0,2020-08-27,17019.0,Champaign County,Illinois,209689.0,Champaign,Illinois,3877339.0,228750.0,8186.0,17.0,2020-08-27
Illinois,2020-08-28,158298.0,722,"Champaign, Illinois, US",17019.0,Champaign,Illinois,2310.0,20.0,2020-08-28,17019.0,Champaign County,Illinois,209689.0,Champaign,Illinois,3926007.0,231186.0,8206.0,17.0,2020-08-28
Illinois,2020-08-29,161193.0,772,"Champaign, Illinois, US",17019.0,Champaign,Illinois,2368.0,20.0,2020-08-29,17019.0,Champaign County,Illinois,209689.0,Champaign,Illinois,3974791.0,233066.0,8217.0,17.0,2020-08-29
Illinois,2020-08-30,164833.0,876,"Champaign, Illinois, US",17019.0,Champaign,Illinois,2423.0,20.0,2020-08-30,17019.0,Champaign County,Illinois,209689.0,Champaign,Illinois,4018484.0,235058.0,8228.0,17.0,2020-08-30
Illinois,2020-08-31,182060.0,1106,"Champaign, Illinois, US",17019.0,Champaign,Illinois,2462.0,20.0,2020-08-31,17019.0,Champaign County,Illinois,209689.0,Champaign,Illinois,4065863.0,236724.0,8235.0,17.0,2020-08-31
Illinois,2020-09-01,196427.0,1305,"Champaign, Illinois, US",17019.0,Champaign,Illinois,2498.0,20.0,2020-09-01,17019.0,Champaign County,Illinois,209689.0,Champaign,Illinois,4088824.0,238216.0,8273.0,17.0,2020-09-01
Illinois,2020-09-02,203516.0,1425,"Champaign, Illinois, US",17019.0,Champaign,Illinois,2557.0,20.0,2020-09-02,17019.0,Champaign County,Illinois,209689.0,Champaign,Illinois,4121575.0,240344.0,8300.0,17.0,2020-09-02
Illinois,2020-09-03,218357.0,1513,"Champaign, Illinois, US",17019.0,Champaign,Illinois,2657.0,20.0,2020-09-03,17019.0,Champaign County,Illinois,209689.0,Champaign,Illinois,4162370.0,241704.0,8324.0,17.0,2020-09-03
Illinois,2020-09-04,232561.0,1617,"Champaign, Illinois, US",17019.0,Champaign,Illinois,3225.0,20.0,2020-09-04,17019.0,Champaign County,Illinois,209689.0,Champaign,Illinois,4311869.0,247298.0,8362.0,17.0,2020-09-04
Illinois,2020-09-05,235170.0,1654,"Champaign, Illinois, US",17019.0,Champaign,Illinois,3371.0,20.0,2020-09-05,17019.0,Champaign County,Illinois,209689.0,Champaign,Illinois,4373804.0,250102.0,8385.0,17.0,2020-09-05
Illinois,2020-09-06,238157.0,1691,"Champaign, Illinois, US",17019.0,Champaign,Illinois,3428.0,20.0,2020-09-06,17019.0,Champaign County,Illinois,209689.0,Champaign,Illinois,4420300.0,251515.0,8390.0,17.0,2020-09-06
Illinois,2020-09-07,244456.0,1760,"Champaign, Illinois, US",17019.0,Champaign,Illinois,3468.0,20.0,2020-09-07,17019.0,Champaign County,Illinois,209689.0,Champaign,Illinois,4449275.0,252884.0,8398.0,17.0,2020-09-07
Illinois,2020-09-08,256077.0,1841,"Champaign, Illinois, US",17019.0,Champaign,Illinois,3628.0,20.0,2020-09-08,17019.0,Champaign County,Illinois,209689.0,Champaign,Illinois,4480638.0,254276.0,8405.0,17.0,2020-09-08
Illinois,2020-09-09,268070.0,1888,"Champaign, Illinois, US",17019.0,Champaign,Illinois,3728.0,20.0,2020-09-09,17019.0,Champaign County,Illinois,209689.0,Champaign,Illinois,4528667.0,255613.0,8433.0,17.0,2020-09-09
Illinois,2020-09-10,274696.0,1922,"Champaign, Illinois, US",17019.0,Champaign,Illinois,3811.0,20.0,2020-09-10,17019.0,Champaign County,Illinois,209689.0,Champaign,Illinois,4577649.0,257566.0,8461.0,17.0,2020-09-10
Illinois,2020-09-11,285949.0,1957,"Champaign, Illinois, US",17019.0,Champaign,Illinois,3876.0,20.0,2020-09-11,17019.0,Champaign County,Illinois,209689.0,Champaign,Illinois,4634477.0,259879.0,8505.0,17.0,2020-09-11
Illinois,2020-09-12,289958.0,1967,"Champaign, Illinois, US",17019.0,Champaign,Illinois,3992.0,20.0,2020-09-12,17019.0,Champaign County,Illinois,209689.0,Champaign,Illinois,4691071.0,261999.0,8527.0,17.0,2020-09-12
Illinois,2020-09-13,294526.0,1984,"Champaign, Illinois, US",17019.0,Champaign,Illinois,4035.0,20.0,2020-09-13,17019.0,Champaign County,Illinois,209689.0,Champaign,Illinois,4737961.0,263459.0,8541.0,17.0,2020-09-13
Illinois,2020-09-14,304740.0,2024,"Champaign, Illinois, US",17019.0,Champaign,Illinois,4059.0,20.0,2020-09-14,17019.0,Champaign County,Illinois,209689.0,Champaign,Illinois,4773891.0,264831.0,8546.0,17.0,2020-09-14
Illinois,2020-09-15,315972.0,2069,"Champaign, Illinois, US",17019.0,Champaign,Illinois,4133.0,20.0,2020-09-15,17019.0,Champaign County,Illinois,209689.0,Champaign,Illinois,4812922.0,266295.0,8564.0,17.0,2020-09-15
Illinois,2020-09-16,325937.0,2093,"Champaign, Illinois, US",17019.0,Champaign,Illinois,4164.0,20.0,2020-09-16,17019.0,Champaign County,Illinois,209689.0,Champaign,Illinois,4865233.0,268238.0,8599.0,17.0,2020-09-16
Illinois,2020-09-17,333739.0,2111,"Champaign, Illinois, US",17019.0,Champaign,Illinois,4218.0,20.0,2020-09-17,17019.0,Champaign County,Illinois,209689.0,Champaign,Illinois,4923033.0,270294.0,8624.0,17.0,2020-09-17
Illinois,2020-09-18,344303.0,2138,"Champaign, Illinois, US",17019.0,Champaign,Illinois,4290.0,20.0,2020-09-18,17019.0,Champaign County,Illinois,209689.0,Champaign,Illinois,4985054.0,272517.0,8647.0,17.0,2020-09-18
Illinois,2020-09-19,348436.0,2151,"Champaign, Illinois, US",17019.0,Champaign,Illinois,4320.0,20.0,2020-09-19,17019.0,Champaign County,Illinois,209689.0,Champaign,Illinois,5059340.0,275041.0,8672.0,17.0,2020-09-19
Illinois,2020-09-20,352819.0,2162,"Champaign, Illinois, US",17019.0,Champaign,Illinois,4330.0,20.0,2020-09-20,17019.0,Champaign County,Illinois,209689.0,Champaign,Illinois,5107351.0,276443.0,8686.0,17.0,2020-09-20
Illinois,2020-09-21,363293.0,2204,"Champaign, Illinois, US",17019.0,Champaign,Illinois,4379.0,20.0,2020-09-21,17019.0,Champaign County,Illinois,209689.0,Champaign,Illinois,5145585.0,277920.0,8693.0,17.0,2020-09-21
Illinois,2020-09-22,374323.0,2266,"Champaign, Illinois, US",17019.0,Champaign,Illinois,4411.0,20.0,2020-09-22,17019.0,Champaign County,Illinois,209689.0,Champaign,Illinois,5187414.0,279453.0,8722.0,17.0,2020-09-22
Illinois,2020-09-23,383994.0,2294,"Champaign, Illinois, US",17019.0,Champaign,Illinois,4472.0,20.0,2020-09-23,17019.0,Champaign County,Illinois,209689.0,Champaign,Illinois,5233805.0,281303.0,8744.0,17.0,2020-09-23
Illinois,2020-09-24,393080.0,2321,"Champaign, Illinois, US",17019.0,Champaign,Illinois,4538.0,20.0,2020-09-24,17019.0,Champaign County,Illinois,209689.0,Champaign,Illinois,5295876.0,283559.0,8774.0,17.0,2020-09-24
Illinois,2020-09-25,404170.0,2362,"Champaign, Illinois, US",17019.0,Champaign,Illinois,4583.0,20.0,2020-09-25,17019.0,Champaign County,Illinois,209689.0,Champaign,Illinois,5365960.0,286332.0,8807.0,17.0,2020-09-25
Illinois,2020-09-26,408062.0,2379,"Champaign, Illinois, US",17019.0,Champaign,Illinois,4645.0,20.0,2020-09-26,17019.0,Champaign County,Illinois,209689.0,Champaign,Illinois,5431177.0,288773.0,8832.0,17.0,2020-09-26
Illinois,2020-09-27,412470.0,2407,"Champaign, Illinois, US",17019.0,Champaign,Illinois,4703.0,20.0,2020-09-27,17019.0,Champaign County,Illinois,209689.0,Champaign,Illinois,5481999.0,290373.0,8845.0,17.0,2020-09-27
Illinois,2020-09-28,423206.0,2443,"Champaign, Illinois, US",17019.0,Champaign,Illinois,4733.0,20.0,2020-09-28,17019.0,Champaign County,Illinois,209689.0,Champaign,Illinois,5523141.0,292082.0,8858.0,17.0,2020-09-28
Illinois,2020-09-29,433843.0,2479,"Champaign, Illinois, US",17019.0,Champaign,Illinois,4789.0,20.0,2020-09-29,17019.0,Champaign County,Illinois,209689.0,Champaign,Illinois,5568765.0,293448.0,8881.0,17.0,2020-09-29
Illinois,2020-09-30,444197.0,2511,"Champaign, Illinois, US",17019.0,Champaign,Illinois,4818.0,21.0,2020-09-30,17019.0,Champaign County,Illinois,209689.0,Champaign,Illinois,5627311.0,295720.0,8916.0,17.0,2020-09-30
Illinois,2020-10-01,451774.0,2538,"Champaign, Illinois, US",17019.0,Champaign,Illinois,4879.0,22.0,2020-10-01,17019.0,Champaign County,Illinois,209689.0,Champaign,Illinois,5692926.0,297884.0,8940.0,17.0,2020-10-01
Illinois,2020-10-02,462539.0,2556,"Champaign, Illinois, US",17019.0,Champaign,Illinois,4959.0,23.0,2020-10-02,17019.0,Champaign County,Illinois,209689.0,Champaign,Illinois,5765867.0,300340.0,8992.0,17.0,2020-10-02
Illinois,2020-10-03,466390.0,2565,"Champaign, Illinois, US",17019.0,Champaign,Illinois,5011.0,23.0,2020-10-03,17019.0,Champaign County,Illinois,209689.0,Champaign,Illinois,5837501.0,302782.0,9023.0,17.0,2020-10-03
Illinois,2020-10-04,470764.0,2569,"Champaign, Illinois, US",17019.0,Champaign,Illinois,5041.0,23.0,2020-10-04,17019.0,Champaign County,Illinois,209689.0,Champaign,Illinois,5889157.0,304235.0,9040.0,17.0,2020-10-04
Illinois,2020-10-05,481906.0,2617,"Champaign, Illinois, US",17019.0,Champaign,Illinois,5057.0,24.0,2020-10-05,17019.0,Champaign County,Illinois,209689.0,Champaign,Illinois,5927695.0,306088.0,9054.0,17.0,2020-10-05
Illinois,2020-10-06,492275.0,2642,"Champaign, Illinois, US",17019.0,Champaign,Illinois,5096.0,24.0,2020-10-06,17019.0,Champaign County,Illinois,209689.0,Champaign,Illinois,5977208.0,307705.0,9085.0,17.0,2020-10-06
Illinois,2020-10-07,502055.0,2663,"Champaign, Illinois, US",17019.0,Champaign,Illinois,5183.0,25.0,2020-10-07,17019.0,Champaign County,Illinois,209689.0,Champaign,Illinois,6036028.0,310335.0,9127.0,17.0,2020-10-07
Illinois,2020-10-08,510008.0,2677,"Champaign, Illinois, US",17019.0,Champaign,Illinois,5227.0,27.0,2020-10-08,17019.0,Champaign County,Illinois,209689.0,Champaign,Illinois,6108519.0,313429.0,9159.0,17.0,2020-10-08
Illinois,2020-10-09,519875.0,2687,"Champaign, Illinois, US",17019.0,Champaign,Illinois,5270.0,27.0,2020-10-09,17019.0,Champaign County,Illinois,209689.0,Champaign,Illinois,6180417.0,316546.0,9191.0,17.0,2020-10-09
Illinois,2020-10-10,523439.0,2698,"Champaign, Illinois, US",17019.0,Champaign,Illinois,5286.0,27.0,2020-10-10,17019.0,Champaign County,Illinois,209689.0,Champaign,Illinois,6246673.0,319451.0,9221.0,17.0,2020-10-10
Illinois,2020-10-11,527797.0,2706,"Champaign, Illinois, US",17019.0,Champaign,Illinois,5352.0,27.0,2020-10-11,17019.0,Champaign County,Illinois,209689.0,Champaign,Illinois,6310720.0,322178.0,9230.0,17.0,2020-10-11
Illinois,2020-10-12,537370.0,2729,"Champaign, Illinois, US",17019.0,Champaign,Illinois,5389.0,27.0,2020-10-12,17019.0,Champaign County,Illinois,209689.0,Champaign,Illinois,6358299.0,324918.0,9243.0,17.0,2020-10-12
Illinois,2020-10-13,547427.0,2743,"Champaign, Illinois, US",17019.0,Champaign,Illinois,5434.0,27.0,2020-10-13,17019.0,Champaign County,Illinois,209689.0,Champaign,Illinois,6414292.0,327771.0,9273.0,17.0,2020-10-13
Illinois,2020-10-14,556759.0,2754,"Champaign, Illinois, US",17019.0,Champaign,Illinois,5525.0,27.0,2020-10-14,17019.0,Champaign County,Illinois,209689.0,Champaign,Illinois,6466961.0,330637.0,9320.0,17.0,2020-10-14
Illinois,2020-10-15,564536.0,2763,"Champaign, Illinois, US",17019.0,Champaign,Illinois,5559.0,28.0,2020-10-15,17019.0,Champaign County,Illinois,209689.0,Champaign,Illinois,6534047.0,334651.0,9373.0,17.0,2020-10-15
Illinois,2020-10-16,574236.0,2772,"Champaign, Illinois, US",17019.0,Champaign,Illinois,5596.0,28.0,2020-10-16,17019.0,Champaign County,Illinois,209689.0,Champaign,Illinois,6622355.0,339757.0,9425.0,17.0,2020-10-16
Illinois,2020-10-17,577902.0,2774,"Champaign, Illinois, US",17019.0,Champaign,Illinois,5634.0,28.0,2020-10-17,17019.0,Champaign County,Illinois,209689.0,Champaign,Illinois,6699844.0,343386.0,9452.0,17.0,2020-10-17
Illinois,2020-10-18,582222.0,2780,"Champaign, Illinois, US",17019.0,Champaign,Illinois,5660.0,28.0,2020-10-18,17019.0,Champaign County,Illinois,209689.0,Champaign,Illinois,6779140.0,347631.0,9474.0,17.0,2020-10-18
Illinois,2020-10-19,592833.0,2798,"Champaign, Illinois, US",17019.0,Champaign,Illinois,5680.0,28.0,2020-10-19,17019.0,Champaign County,Illinois,209689.0,Champaign,Illinois,6827824.0,350744.0,9496.0,17.0,2020-10-19
Illinois,2020-10-20,602797.0,2816,"Champaign, Illinois, US",17019.0,Champaign,Illinois,5741.0,28.0,2020-10-20,17019.0,Champaign County,Illinois,209689.0,Champaign,Illinois,6886901.0,354457.0,9537.0,17.0,2020-10-20
Illinois,2020-10-21,612436.0,2836,"Champaign, Illinois, US",17019.0,Champaign,Illinois,5819.0,28.0,2020-10-21,17019.0,Champaign County,Illinois,209689.0,Champaign,Illinois,6953692.0,358799.0,9605.0,17.0,2020-10-21
Illinois,2020-10-22,621017.0,2859,"Champaign, Illinois, US",17019.0,Champaign,Illinois,5893.0,28.0,2020-10-22,17019.0,Champaign County,Illinois,209689.0,Champaign,Illinois,7034669.0,363740.0,9647.0,17.0,2020-10-22
Illinois,2020-10-23,630301.0,2881,"Champaign, Illinois, US",17019.0,Champaign,Illinois,5945.0,28.0,2020-10-23,17019.0,Champaign County,Illinois,209689.0,Champaign,Illinois,7118051.0,368740.0,9688.0,17.0,2020-10-23
Illinois,2020-10-24,634171.0,2896,"Champaign, Illinois, US",17019.0,Champaign,Illinois,6048.0,29.0,2020-10-24,17019.0,Champaign County,Illinois,209689.0,Champaign,Illinois,7201568.0,374901.0,9751.0,17.0,2020-10-24
Illinois,2020-10-25,639106.0,2919,"Champaign, Illinois, US",17019.0,Champaign,Illinois,6091.0,29.0,2020-10-25,17019.0,Champaign County,Illinois,209689.0,Champaign,Illinois,7273665.0,378958.0,9775.0,17.0,2020-10-25
Illinois,2020-10-26,650218.0,2993,"Champaign, Illinois, US",17019.0,Champaign,Illinois,6172.0,29.0,2020-10-26,17019.0,Champaign County,Illinois,209689.0,Champaign,Illinois,7330929.0,383687.0,9792.0,17.0,2020-10-26
Illinois,2020-10-27,660512.0,3029,"Champaign, Illinois, US",17019.0,Champaign,Illinois,6285.0,29.0,2020-10-27,17019.0,Champaign County,Illinois,209689.0,Champaign,Illinois,7393003.0,387687.0,9838.0,17.0,2020-10-27
Illinois,2020-10-28,670091.0,3063,"Champaign, Illinois, US",17019.0,Champaign,Illinois,6390.0,28.0,2020-10-28,17019.0,Champaign County,Illinois,209689.0,Champaign,Illinois,7463755.0,393797.0,9889.0,17.0,2020-10-28
Illinois,2020-10-29,679071.0,3090,"Champaign, Illinois, US",17019.0,Champaign,Illinois,6462.0,28.0,2020-10-29,17019.0,Champaign County,Illinois,209689.0,Champaign,Illinois,7546811.0,400159.0,9945.0,17.0,2020-10-29
Illinois,2020-10-30,689858.0,3129,"Champaign, Illinois, US",17019.0,Champaign,Illinois,6585.0,28.0,2020-10-30,17019.0,Champaign County,Illinois,209689.0,Champaign,Illinois,7643468.0,408648.0,9994.0,17.0,2020-10-30
Illinois,2020-10-31,693380.0,3138,"Champaign, Illinois, US",17019.0,Champaign,Illinois,6705.0,28.0,2020-10-31,17019.0,Champaign County,Illinois,209689.0,Champaign,Illinois,7736104.0,416547.0,10040.0,17.0,2020-10-31
Illinois,2020-11-01,698203.0,3155,"Champaign, Illinois, US",17019.0,Champaign,Illinois,6824.0,28.0,2020-11-01,17019.0,Champaign County,Illinois,209689.0,Champaign,Illinois,7814562.0,423527.0,10075.0,17.0,2020-11-01
Illinois,2020-11-02,710148.0,3237,"Champaign, Illinois, US",17019.0,Champaign,Illinois,6906.0,29.0,2020-11-02,17019.0,Champaign County,Illinois,209689.0,Champaign,Illinois,7882680.0,429749.0,10093.0,17.0,2020-11-02
Illinois,2020-11-03,716089.0,3277,"Champaign, Illinois, US",17019.0,Champaign,Illinois,6999.0,29.0,2020-11-03,17019.0,Champaign County,Illinois,209689.0,Champaign,Illinois,7965115.0,436265.0,10161.0,17.0,2020-11-03
Illinois,2020-11-04,727626.0,3357,"Champaign, Illinois, US",17019.0,Champaign,Illinois,7114.0,29.0,2020-11-04,17019.0,Champaign County,Illinois,209689.0,Champaign,Illinois,8036972.0,443803.0,10216.0,17.0,2020-11-04
Illinois,2020-11-05,736521.0,3417,"Champaign, Illinois, US",17019.0,Champaign,Illinois,7308.0,29.0,2020-11-05,17019.0,Champaign County,Illinois,209689.0,Champaign,Illinois,8122987.0,453738.0,10313.0,17.0,2020-11-05
Illinois,2020-11-06,746950.0,3465,"Champaign, Illinois, US",17019.0,Champaign,Illinois,7572.0,30.0,2020-11-06,17019.0,Champaign County,Illinois,209689.0,Champaign,Illinois,8215129.0,465540.0,10397.0,17.0,2020-11-06
Illinois,2020-11-07,750966.0,3486,"Champaign, Illinois, US",17019.0,Champaign,Illinois,7744.0,31.0,2020-11-07,17019.0,Champaign County,Illinois,209689.0,Champaign,Illinois,8313547.0,477978.0,10488.0,17.0,2020-11-07
Illinois,2020-11-08,756305.0,3514,"Champaign, Illinois, US",17019.0,Champaign,Illinois,7866.0,33.0,2020-11-08,17019.0,Champaign County,Illinois,209689.0,Champaign,Illinois,8404304.0,487987.0,10538.0,17.0,2020-11-08
Illinois,2020-11-09,768105.0,3590,"Champaign, Illinois, US",17019.0,Champaign,Illinois,8003.0,33.0,2020-11-09,17019.0,Champaign County,Illinois,209689.0,Champaign,Illinois,8520133.0,498560.0,10563.0,17.0,2020-11-09
Illinois,2020-11-10,778429.0,3647,"Champaign, Illinois, US",17019.0,Champaign,Illinois,8180.0,37.0,2020-11-10,17019.0,Champaign County,Illinois,209689.0,Champaign,Illinois,8571019.0,511183.0,10645.0,17.0,2020-11-10
Illinois,2020-11-11,789500.0,3697,"Champaign, Illinois, US",17019.0,Champaign,Illinois,8413.0,37.0,2020-11-11,17019.0,Champaign County,Illinois,209689.0,Champaign,Illinois,8664483.0,523840.0,10798.0,17.0,2020-11-11
Illinois,2020-11-12,799215.0,3731,"Champaign, Illinois, US",17019.0,Champaign,Illinois,8558.0,37.0,2020-11-12,17019.0,Champaign County,Illinois,209689.0,Champaign,Illinois,8765100.0,536542.0,10846.0,17.0,2020-11-12
Illinois,2020-11-13,810566.0,3763,"Champaign, Illinois, US",17019.0,Champaign,Illinois,8728.0,39.0,2020-11-13,17019.0,Champaign County,Illinois,209689.0,Champaign,Illinois,8871640.0,551957.0,10891.0,17.0,2020-11-13
Illinois,2020-11-14,815205.0,3775,"Champaign, Illinois, US",17019.0,Champaign,Illinois,8849.0,40.0,2020-11-14,17019.0,Champaign County,Illinois,209689.0,Champaign,Illinois,8986010.0,562985.0,11088.0,17.0,2020-11-14
Purdue,2020-08-01,2.0,0,"Tippecanoe, Indiana, US",18157.0,Tippecanoe,Indiana,1085.0,11.0,2020-08-01,18157.0,Tippecanoe County,Indiana,195732.0,Tippecanoe,Indiana,758606.0,67122.0,2971.0,18.0,2020-08-01
Purdue,2020-08-02,18.0,0,"Tippecanoe, Indiana, US",18157.0,Tippecanoe,Indiana,1094.0,11.0,2020-08-02,18157.0,Tippecanoe County,Indiana,195732.0,Tippecanoe,Indiana,769043.0,67857.0,2975.0,18.0,2020-08-02
Purdue,2020-08-03,45.0,0,"Tippecanoe, Indiana, US",18157.0,Tippecanoe,Indiana,1103.0,11.0,2020-08-03,18157.0,Tippecanoe County,Indiana,195732.0,Tippecanoe,Indiana,775482.0,68433.0,2980.0,18.0,2020-08-03
Purdue,2020-08-04,340.0,2,"Tippecanoe, Indiana, US",18157.0,Tippecanoe,Indiana,1118.0,11.0,2020-08-04,18157.0,Tippecanoe County,Indiana,195732.0,Tippecanoe,Indiana,785018.0,69255.0,2996.0,18.0,2020-08-04
Purdue,2020-08-05,395.0,3,"Tippecanoe, Indiana, US",18157.0,Tippecanoe,Indiana,1123.0,11.0,2020-08-05,18157.0,Tippecanoe County,Indiana,195732.0,Tippecanoe,Indiana,792225.0,69975.0,3007.0,18.0,2020-08-05
Purdue,2020-08-06,439.0,4,"Tippecanoe, Indiana, US",18157.0,Tippecanoe,Indiana,1146.0,11.0,2020-08-06,18157.0,Tippecanoe County,Indiana,195732.0,Tippecanoe,Indiana,804345.0,71015.0,3013.0,18.0,2020-08-06
Purdue,2020-08-07,510.0,4,"Tippecanoe, Indiana, US",18157.0,Tippecanoe,Indiana,1177.0,11.0,2020-08-07,18157.0,Tippecanoe County,Indiana,195732.0,Tippecanoe,Indiana,817104.0,72254.0,3023.0,18.0,2020-08-07
Purdue,2020-08-08,552.0,4,"Tippecanoe, Indiana, US",18157.0,Tippecanoe,Indiana,1189.0,11.0,2020-08-08,18157.0,Tippecanoe County,Indiana,195732.0,Tippecanoe,Indiana,828466.0,73287.0,3036.0,18.0,2020-08-08
Purdue,2020-08-09,592.0,4,"Tippecanoe, Indiana, US",18157.0,Tippecanoe,Indiana,1211.0,11.0,2020-08-09,18157.0,Tippecanoe County,Indiana,195732.0,Tippecanoe,Indiana,841125.0,74328.0,3041.0,18.0,2020-08-09
Purdue,2020-08-10,674.0,5,"Tippecanoe, Indiana, US",18157.0,Tippecanoe,Indiana,1221.0,11.0,2020-08-10,18157.0,Tippecanoe County,Indiana,195732.0,Tippecanoe,Indiana,852111.0,74992.0,3044.0,18.0,2020-08-10
Purdue,2020-08-11,854.0,6,"Tippecanoe, Indiana, US",18157.0,Tippecanoe,Indiana,1238.0,11.0,2020-08-11,18157.0,Tippecanoe County,Indiana,195732.0,Tippecanoe,Indiana,861655.0,75862.0,3069.0,18.0,2020-08-11
Purdue,2020-08-12,1127.0,6,"Tippecanoe, Indiana, US",18157.0,Tippecanoe,Indiana,1245.0,11.0,2020-08-12,18157.0,Tippecanoe County,Indiana,195732.0,Tippecanoe,Indiana,866994.0,76522.0,3086.0,18.0,2020-08-12
Purdue,2020-08-13,1241.0,8,"Tippecanoe, Indiana, US",18157.0,Tippecanoe,Indiana,1263.0,12.0,2020-08-13,18157.0,Tippecanoe County,Indiana,195732.0,Tippecanoe,Indiana,877970.0,77565.0,3105.0,18.0,2020-08-13
Purdue,2020-08-14,1446.0,9,"Tippecanoe, Indiana, US",18157.0,Tippecanoe,Indiana,1293.0,12.0,2020-08-14,18157.0,Tippecanoe County,Indiana,195732.0,Tippecanoe,Indiana,886489.0,78632.0,3113.0,18.0,2020-08-14
Purdue,2020-08-15,1580.0,13,"Tippecanoe, Indiana, US",18157.0,Tippecanoe,Indiana,1316.0,12.0,2020-08-15,18157.0,Tippecanoe County,Indiana,195732.0,Tippecanoe,Indiana,897615.0,79676.0,3128.0,18.0,2020-08-15
Purdue,2020-08-16,1677.0,15,"Tippecanoe, Indiana, US",18157.0,Tippecanoe,Indiana,1337.0,12.0,2020-08-16,18157.0,Tippecanoe County,Indiana,195732.0,Tippecanoe,Indiana,906851.0,80415.0,3133.0,18.0,2020-08-16
Purdue,2020-08-17,1894.0,25,"Tippecanoe, Indiana, US",18157.0,Tippecanoe,Indiana,1352.0,12.0,2020-08-17,18157.0,Tippecanoe County,Indiana,195732.0,Tippecanoe,Indiana,914633.0,81006.0,3135.0,18.0,2020-08-17
Purdue,2020-08-18,2121.0,25,"Tippecanoe, Indiana, US",18157.0,Tippecanoe,Indiana,1363.0,12.0,2020-08-18,18157.0,Tippecanoe County,Indiana,195732.0,Tippecanoe,Indiana,928614.0,81847.0,3165.0,18.0,2020-08-18
Purdue,2020-08-19,2516.0,29,"Tippecanoe, Indiana, US",18157.0,Tippecanoe,Indiana,1369.0,12.0,2020-08-19,18157.0,Tippecanoe County,Indiana,195732.0,Tippecanoe,Indiana,934033.0,82336.0,3180.0,18.0,2020-08-19
Purdue,2020-08-20,2784.0,38,"Tippecanoe, Indiana, US",18157.0,Tippecanoe,Indiana,1383.0,12.0,2020-08-20,18157.0,Tippecanoe County,Indiana,195732.0,Tippecanoe,Indiana,945471.0,83277.0,3191.0,18.0,2020-08-20
Purdue,2020-08-21,3157.0,52,"Tippecanoe, Indiana, US",18157.0,Tippecanoe,Indiana,1402.0,13.0,2020-08-21,18157.0,Tippecanoe County,Indiana,195732.0,Tippecanoe,Indiana,958432.0,84317.0,3208.0,18.0,2020-08-21
Purdue,2020-08-22,3391.0,56,"Tippecanoe, Indiana, US",18157.0,Tippecanoe,Indiana,1433.0,13.0,2020-08-22,18157.0,Tippecanoe County,Indiana,195732.0,Tippecanoe,Indiana,969646.0,85317.0,3218.0,18.0,2020-08-22
Purdue,2020-08-23,3647.0,67,"Tippecanoe, Indiana, US",18157.0,Tippecanoe,Indiana,1442.0,13.0,2020-08-23,18157.0,Tippecanoe County,Indiana,195732.0,Tippecanoe,Indiana,977802.0,85932.0,3220.0,18.0,2020-08-23
Purdue,2020-08-24,4227.0,83,"Tippecanoe, Indiana, US",18157.0,Tippecanoe,Indiana,1464.0,13.0,2020-08-24,18157.0,Tippecanoe County,Indiana,195732.0,Tippecanoe,Indiana,1002038.0,87592.0,3225.0,18.0,2020-08-24
Purdue,2020-08-25,4468.0,90,"Tippecanoe, Indiana, US",18157.0,Tippecanoe,Indiana,1475.0,13.0,2020-08-25,18157.0,Tippecanoe County,Indiana,195732.0,Tippecanoe,Indiana,1010981.0,88421.0,3241.0,18.0,2020-08-25
Purdue,2020-08-26,5079.0,98,"Tippecanoe, Indiana, US",18157.0,Tippecanoe,Indiana,1500.0,13.0,2020-08-26,18157.0,Tippecanoe County,Indiana,195732.0,Tippecanoe,Indiana,1022537.0,89359.0,3259.0,18.0,2020-08-26
Purdue,2020-08-27,5257.0,107,"Tippecanoe, Indiana, US",18157.0,Tippecanoe,Indiana,1515.0,13.0,2020-08-27,18157.0,Tippecanoe County,Indiana,195732.0,Tippecanoe,Indiana,1034746.0,90504.0,3266.0,18.0,2020-08-27
Purdue,2020-08-28,5906.0,133,"Tippecanoe, Indiana, US",18157.0,Tippecanoe,Indiana,1526.0,13.0,2020-08-28,18157.0,Tippecanoe County,Indiana,195732.0,Tippecanoe,Indiana,1044049.0,91313.0,3277.0,18.0,2020-08-28
Purdue,2020-08-29,6112.0,136,"Tippecanoe, Indiana, US",18157.0,Tippecanoe,Indiana,1554.0,13.0,2020-08-29,18157.0,Tippecanoe County,Indiana,195732.0,Tippecanoe,Indiana,1055793.0,92434.0,3285.0,18.0,2020-08-29
Purdue,2020-08-30,6361.0,140,"Tippecanoe, Indiana, US",18157.0,Tippecanoe,Indiana,1570.0,13.0,2020-08-30,18157.0,Tippecanoe County,Indiana,195732.0,Tippecanoe,Indiana,1065356.0,93313.0,3291.0,18.0,2020-08-30
Purdue,2020-08-31,7605.0,174,"Tippecanoe, Indiana, US",18157.0,Tippecanoe,Indiana,1584.0,13.0,2020-08-31,18157.0,Tippecanoe County,Indiana,195732.0,Tippecanoe,Indiana,1076947.0,94196.0,3296.0,18.0,2020-08-31
Purdue,2020-09-01,8400.0,201,"Tippecanoe, Indiana, US",18157.0,Tippecanoe,Indiana,1589.0,13.0,2020-09-01,18157.0,Tippecanoe County,Indiana,195732.0,Tippecanoe,Indiana,1083765.0,94891.0,3312.0,18.0,2020-09-01
Purdue,2020-09-02,10335.0,219,"Tippecanoe, Indiana, US",18157.0,Tippecanoe,Indiana,1618.0,13.0,2020-09-02,18157.0,Tippecanoe County,Indiana,195732.0,Tippecanoe,Indiana,1092596.0,95750.0,3325.0,18.0,2020-09-02
Purdue,2020-09-03,11268.0,267,"Tippecanoe, Indiana, US",18157.0,Tippecanoe,Indiana,1634.0,13.0,2020-09-03,18157.0,Tippecanoe County,Indiana,195732.0,Tippecanoe,Indiana,1103038.0,96854.0,3332.0,18.0,2020-09-03
Purdue,2020-09-04,11924.0,279,"Tippecanoe, Indiana, US",18157.0,Tippecanoe,Indiana,1690.0,13.0,2020-09-04,18157.0,Tippecanoe County,Indiana,195732.0,Tippecanoe,Indiana,1117427.0,97884.0,3350.0,18.0,2020-09-04
Purdue,2020-09-05,12213.0,304,"Tippecanoe, Indiana, US",18157.0,Tippecanoe,Indiana,1706.0,13.0,2020-09-05,18157.0,Tippecanoe County,Indiana,195732.0,Tippecanoe,Indiana,1129078.0,98961.0,3362.0,18.0,2020-09-05
Purdue,2020-09-06,12438.0,316,"Tippecanoe, Indiana, US",18157.0,Tippecanoe,Indiana,1736.0,13.0,2020-09-06,18157.0,Tippecanoe County,Indiana,195732.0,Tippecanoe,Indiana,1138868.0,99804.0,3364.0,18.0,2020-09-06
Purdue,2020-09-07,13316.0,336,"Tippecanoe, Indiana, US",18157.0,Tippecanoe,Indiana,1755.0,13.0,2020-09-07,18157.0,Tippecanoe County,Indiana,195732.0,Tippecanoe,Indiana,1146572.0,100394.0,3368.0,18.0,2020-09-07
Purdue,2020-09-08,14293.0,379,"Tippecanoe, Indiana, US",18157.0,Tippecanoe,Indiana,1761.0,13.0,2020-09-08,18157.0,Tippecanoe County,Indiana,195732.0,Tippecanoe,Indiana,1150863.0,100780.0,3380.0,18.0,2020-09-08
Purdue,2020-09-09,15771.0,418,"Tippecanoe, Indiana, US",18157.0,Tippecanoe,Indiana,1785.0,13.0,2020-09-09,18157.0,Tippecanoe County,Indiana,195732.0,Tippecanoe,Indiana,1158018.0,101485.0,3397.0,18.0,2020-09-09
Purdue,2020-09-10,16713.0,444,"Tippecanoe, Indiana, US",18157.0,Tippecanoe,Indiana,1819.0,13.0,2020-09-10,18157.0,Tippecanoe County,Indiana,195732.0,Tippecanoe,Indiana,1164141.0,102243.0,3410.0,18.0,2020-09-10
Purdue,2020-09-11,17521.0,470,"Tippecanoe, Indiana, US",18157.0,Tippecanoe,Indiana,1902.0,13.0,2020-09-11,18157.0,Tippecanoe County,Indiana,195732.0,Tippecanoe,Indiana,1183104.0,103505.0,3420.0,18.0,2020-09-11
Purdue,2020-09-12,17750.0,481,"Tippecanoe, Indiana, US",18157.0,Tippecanoe,Indiana,1964.0,13.0,2020-09-12,18157.0,Tippecanoe County,Indiana,195732.0,Tippecanoe,Indiana,1206980.0,104561.0,3437.0,18.0,2020-09-12
Purdue,2020-09-13,17957.0,489,"Tippecanoe, Indiana, US",18157.0,Tippecanoe,Indiana,1991.0,13.0,2020-09-13,18157.0,Tippecanoe County,Indiana,195732.0,Tippecanoe,Indiana,1238984.0,105804.0,3438.0,18.0,2020-09-13
Purdue,2020-09-14,18973.0,513,"Tippecanoe, Indiana, US",18157.0,Tippecanoe,Indiana,1998.0,13.0,2020-09-14,18157.0,Tippecanoe County,Indiana,195732.0,Tippecanoe,Indiana,1247293.0,106540.0,3439.0,18.0,2020-09-14
Purdue,2020-09-15,19918.0,545,"Tippecanoe, Indiana, US",18157.0,Tippecanoe,Indiana,2029.0,13.0,2020-09-15,18157.0,Tippecanoe County,Indiana,195732.0,Tippecanoe,Indiana,1254731.0,107229.0,3460.0,18.0,2020-09-15
Purdue,2020-09-16,21589.0,575,"Tippecanoe, Indiana, US",18157.0,Tippecanoe,Indiana,2082.0,13.0,2020-09-16,18157.0,Tippecanoe County,Indiana,195732.0,Tippecanoe,Indiana,1261892.0,107809.0,3472.0,18.0,2020-09-16
Purdue,2020-09-17,22400.0,591,"Tippecanoe, Indiana, US",18157.0,Tippecanoe,Indiana,2113.0,13.0,2020-09-17,18157.0,Tippecanoe County,Indiana,195732.0,Tippecanoe,Indiana,1269650.0,108646.0,3478.0,18.0,2020-09-17
Purdue,2020-09-18,23050.0,617,"Tippecanoe, Indiana, US",18157.0,Tippecanoe,Indiana,2142.0,13.0,2020-09-18,18157.0,Tippecanoe County,Indiana,195732.0,Tippecanoe,Indiana,1281438.0,109683.0,3495.0,18.0,2020-09-18
Purdue,2020-09-19,23268.0,628,"Tippecanoe, Indiana, US",18157.0,Tippecanoe,Indiana,2184.0,13.0,2020-09-19,18157.0,Tippecanoe County,Indiana,195732.0,Tippecanoe,Indiana,1292615.0,110759.0,3503.0,18.0,2020-09-19
Purdue,2020-09-20,23402.0,643,"Tippecanoe, Indiana, US",18157.0,Tippecanoe,Indiana,2210.0,13.0,2020-09-20,18157.0,Tippecanoe County,Indiana,195732.0,Tippecanoe,Indiana,1301940.0,111505.0,3506.0,18.0,2020-09-20
Purdue,2020-09-21,24162.0,661,"Tippecanoe, Indiana, US",18157.0,Tippecanoe,Indiana,2233.0,13.0,2020-09-21,18157.0,Tippecanoe County,Indiana,195732.0,Tippecanoe,Indiana,1308645.0,112027.0,3512.0,18.0,2020-09-21
Purdue,2020-09-22,24987.0,687,"Tippecanoe, Indiana, US",18157.0,Tippecanoe,Indiana,2269.0,13.0,2020-09-22,18157.0,Tippecanoe County,Indiana,195732.0,Tippecanoe,Indiana,1315440.0,112626.0,3520.0,18.0,2020-09-22
Purdue,2020-09-23,26589.0,741,"Tippecanoe, Indiana, US",18157.0,Tippecanoe,Indiana,2312.0,13.0,2020-09-23,18157.0,Tippecanoe County,Indiana,195732.0,Tippecanoe,Indiana,1322819.0,113337.0,3530.0,18.0,2020-09-23
Purdue,2020-09-24,27436.0,787,"Tippecanoe, Indiana, US",18157.0,Tippecanoe,Indiana,2347.0,13.0,2020-09-24,18157.0,Tippecanoe County,Indiana,195732.0,Tippecanoe,Indiana,1331608.0,114236.0,3548.0,18.0,2020-09-24
Purdue,2020-09-25,28322.0,805,"Tippecanoe, Indiana, US",18157.0,Tippecanoe,Indiana,2391.0,13.0,2020-09-25,18157.0,Tippecanoe County,Indiana,195732.0,Tippecanoe,Indiana,1341462.0,115407.0,3566.0,18.0,2020-09-25
Purdue,2020-09-26,28634.0,839,"Tippecanoe, Indiana, US",18157.0,Tippecanoe,Indiana,2483.0,13.0,2020-09-26,18157.0,Tippecanoe County,Indiana,195732.0,Tippecanoe,Indiana,1350390.0,116549.0,3577.0,18.0,2020-09-26
Purdue,2020-09-27,28921.0,862,"Tippecanoe, Indiana, US",18157.0,Tippecanoe,Indiana,2523.0,13.0,2020-09-27,18157.0,Tippecanoe County,Indiana,195732.0,Tippecanoe,Indiana,1358860.0,117450.0,3580.0,18.0,2020-09-27
Purdue,2020-09-28,29680.0,878,"Tippecanoe, Indiana, US",18157.0,Tippecanoe,Indiana,2566.0,13.0,2020-09-28,18157.0,Tippecanoe County,Indiana,195732.0,Tippecanoe,Indiana,1366294.0,118322.0,3591.0,18.0,2020-09-28
Purdue,2020-09-29,30513.0,900,"Tippecanoe, Indiana, US",18157.0,Tippecanoe,Indiana,2590.0,13.0,2020-09-29,18157.0,Tippecanoe County,Indiana,195732.0,Tippecanoe,Indiana,1371355.0,119066.0,3612.0,18.0,2020-09-29
Purdue,2020-09-30,31844.0,924,"Tippecanoe, Indiana, US",18157.0,Tippecanoe,Indiana,2652.0,13.0,2020-09-30,18157.0,Tippecanoe County,Indiana,195732.0,Tippecanoe,Indiana,1379850.0,120019.0,3632.0,18.0,2020-09-30
Purdue,2020-10-01,32870.0,945,"Tippecanoe, Indiana, US",18157.0,Tippecanoe,Indiana,2687.0,13.0,2020-10-01,18157.0,Tippecanoe County,Indiana,195732.0,Tippecanoe,Indiana,1387731.0,121176.0,3645.0,18.0,2020-10-01
Purdue,2020-10-02,33746.0,957,"Tippecanoe, Indiana, US",18157.0,Tippecanoe,Indiana,2730.0,13.0,2020-10-02,18157.0,Tippecanoe County,Indiana,195732.0,Tippecanoe,Indiana,1398522.0,122640.0,3656.0,18.0,2020-10-02
Purdue,2020-10-03,34089.0,961,"Tippecanoe, Indiana, US",18157.0,Tippecanoe,Indiana,2777.0,13.0,2020-10-03,18157.0,Tippecanoe County,Indiana,195732.0,Tippecanoe,Indiana,1408475.0,124059.0,3669.0,18.0,2020-10-03
Purdue,2020-10-04,34405.0,977,"Tippecanoe, Indiana, US",18157.0,Tippecanoe,Indiana,2812.0,13.0,2020-10-04,18157.0,Tippecanoe County,Indiana,195732.0,Tippecanoe,Indiana,1418063.0,125146.0,3674.0,18.0,2020-10-04
Purdue,2020-10-05,35190.0,1005,"Tippecanoe, Indiana, US",18157.0,Tippecanoe,Indiana,2843.0,13.0,2020-10-05,18157.0,Tippecanoe County,Indiana,195732.0,Tippecanoe,Indiana,1425175.0,125976.0,3681.0,18.0,2020-10-05
Purdue,2020-10-06,36101.0,1031,"Tippecanoe, Indiana, US",18157.0,Tippecanoe,Indiana,2866.0,13.0,2020-10-06,18157.0,Tippecanoe County,Indiana,195732.0,Tippecanoe,Indiana,1432219.0,126946.0,3711.0,18.0,2020-10-06
Purdue,2020-10-07,37634.0,1067,"Tippecanoe, Indiana, US",18157.0,Tippecanoe,Indiana,2914.0,13.0,2020-10-07,18157.0,Tippecanoe County,Indiana,195732.0,Tippecanoe,Indiana,1440917.0,128227.0,3727.0,18.0,2020-10-07
Purdue,2020-10-08,38695.0,1107,"Tippecanoe, Indiana, US",18157.0,Tippecanoe,Indiana,2960.0,13.0,2020-10-08,18157.0,Tippecanoe County,Indiana,195732.0,Tippecanoe,Indiana,1451391.0,129677.0,3742.0,18.0,2020-10-08
Purdue,2020-10-09,39701.0,1139,"Tippecanoe, Indiana, US",18157.0,Tippecanoe,Indiana,3035.0,13.0,2020-10-09,18157.0,Tippecanoe County,Indiana,195732.0,Tippecanoe,Indiana,1463436.0,131493.0,3761.0,18.0,2020-10-09
Purdue,2020-10-10,40065.0,1147,"Tippecanoe, Indiana, US",18157.0,Tippecanoe,Indiana,3080.0,13.0,2020-10-10,18157.0,Tippecanoe County,Indiana,195732.0,Tippecanoe,Indiana,1474639.0,133411.0,3782.0,18.0,2020-10-10
Purdue,2020-10-11,40324.0,1158,"Tippecanoe, Indiana, US",18157.0,Tippecanoe,Indiana,3130.0,13.0,2020-10-11,18157.0,Tippecanoe County,Indiana,195732.0,Tippecanoe,Indiana,1486182.0,134981.0,3789.0,18.0,2020-10-11
Purdue,2020-10-12,41164.0,1186,"Tippecanoe, Indiana, US",18157.0,Tippecanoe,Indiana,3169.0,13.0,2020-10-12,18157.0,Tippecanoe County,Indiana,195732.0,Tippecanoe,Indiana,1495852.0,136555.0,3795.0,18.0,2020-10-12
Purdue,2020-10-13,41986.0,1208,"Tippecanoe, Indiana, US",18157.0,Tippecanoe,Indiana,3204.0,13.0,2020-10-13,18157.0,Tippecanoe County,Indiana,195732.0,Tippecanoe,Indiana,1503923.0,138104.0,3822.0,18.0,2020-10-13
Purdue,2020-10-14,43502.0,1244,"Tippecanoe, Indiana, US",18157.0,Tippecanoe,Indiana,3244.0,13.0,2020-10-14,18157.0,Tippecanoe County,Indiana,195732.0,Tippecanoe,Indiana,1511060.0,139269.0,3836.0,18.0,2020-10-14
Purdue,2020-10-15,44519.0,1256,"Tippecanoe, Indiana, US",18157.0,Tippecanoe,Indiana,3311.0,13.0,2020-10-15,18157.0,Tippecanoe County,Indiana,195732.0,Tippecanoe,Indiana,1521402.0,141212.0,3864.0,18.0,2020-10-15
Purdue,2020-10-16,45394.0,1268,"Tippecanoe, Indiana, US",18157.0,Tippecanoe,Indiana,3377.0,13.0,2020-10-16,18157.0,Tippecanoe County,Indiana,195732.0,Tippecanoe,Indiana,2451285.0,143495.0,3887.0,18.0,2020-10-16
Purdue,2020-10-17,45641.0,1276,"Tippecanoe, Indiana, US",18157.0,Tippecanoe,Indiana,3428.0,14.0,2020-10-17,18157.0,Tippecanoe County,Indiana,195732.0,Tippecanoe,Indiana,2485506.0,145977.0,3918.0,18.0,2020-10-17
Purdue,2020-10-18,45886.0,1295,"Tippecanoe, Indiana, US",18157.0,Tippecanoe,Indiana,3464.0,14.0,2020-10-18,18157.0,Tippecanoe County,Indiana,195732.0,Tippecanoe,Indiana,2512174.0,147582.0,3937.0,18.0,2020-10-18
Purdue,2020-10-19,46889.0,1336,"Tippecanoe, Indiana, US",18157.0,Tippecanoe,Indiana,3509.0,14.0,2020-10-19,18157.0,Tippecanoe County,Indiana,195732.0,Tippecanoe,Indiana,2533863.0,149166.0,3960.0,18.0,2020-10-19
Purdue,2020-10-20,47965.0,1371,"Tippecanoe, Indiana, US",18157.0,Tippecanoe,Indiana,3547.0,14.0,2020-10-20,18157.0,Tippecanoe County,Indiana,195732.0,Tippecanoe,Indiana,2551406.0,150664.0,4008.0,18.0,2020-10-20
Purdue,2020-10-21,49472.0,1429,"Tippecanoe, Indiana, US",18157.0,Tippecanoe,Indiana,3587.0,14.0,2020-10-21,18157.0,Tippecanoe County,Indiana,195732.0,Tippecanoe,Indiana,2574800.0,152396.0,4023.0,18.0,2020-10-21
Purdue,2020-10-22,50542.0,1463,"Tippecanoe, Indiana, US",18157.0,Tippecanoe,Indiana,3695.0,15.0,2020-10-22,18157.0,Tippecanoe County,Indiana,195732.0,Tippecanoe,Indiana,2611265.0,155246.0,4065.0,18.0,2020-10-22
Purdue,2020-10-23,51303.0,1489,"Tippecanoe, Indiana, US",18157.0,Tippecanoe,Indiana,3759.0,15.0,2020-10-23,18157.0,Tippecanoe County,Indiana,195732.0,Tippecanoe,Indiana,2642522.0,157713.0,4092.0,18.0,2020-10-23
Purdue,2020-10-24,51585.0,1516,"Tippecanoe, Indiana, US",18157.0,Tippecanoe,Indiana,3836.0,15.0,2020-10-24,18157.0,Tippecanoe County,Indiana,195732.0,Tippecanoe,Indiana,2681197.0,160454.0,4118.0,18.0,2020-10-24
Purdue,2020-10-25,51826.0,1524,"Tippecanoe, Indiana, US",18157.0,Tippecanoe,Indiana,3918.0,15.0,2020-10-25,18157.0,Tippecanoe County,Indiana,195732.0,Tippecanoe,Indiana,2711078.0,162607.0,4130.0,18.0,2020-10-25
Purdue,2020-10-26,53081.0,1580,"Tippecanoe, Indiana, US",18157.0,Tippecanoe,Indiana,3967.0,15.0,2020-10-26,18157.0,Tippecanoe County,Indiana,195732.0,Tippecanoe,Indiana,2734945.0,164581.0,4143.0,18.0,2020-10-26
Purdue,2020-10-27,54292.0,1645,"Tippecanoe, Indiana, US",18157.0,Tippecanoe,Indiana,4024.0,16.0,2020-10-27,18157.0,Tippecanoe County,Indiana,195732.0,Tippecanoe,Indiana,2754311.0,166564.0,4194.0,18.0,2020-10-27
Purdue,2020-10-28,55899.0,1709,"Tippecanoe, Indiana, US",18157.0,Tippecanoe,Indiana,4098.0,16.0,2020-10-28,18157.0,Tippecanoe County,Indiana,195732.0,Tippecanoe,Indiana,2783748.0,169112.0,4227.0,18.0,2020-10-28
Purdue,2020-10-29,56767.0,1730,"Tippecanoe, Indiana, US",18157.0,Tippecanoe,Indiana,4246.0,16.0,2020-10-29,18157.0,Tippecanoe County,Indiana,195732.0,Tippecanoe,Indiana,2822852.0,172730.0,4260.0,18.0,2020-10-29
Purdue,2020-10-30,57506.0,1756,"Tippecanoe, Indiana, US",18157.0,Tippecanoe,Indiana,4365.0,16.0,2020-10-30,18157.0,Tippecanoe County,Indiana,195732.0,Tippecanoe,Indiana,2863919.0,175893.0,4286.0,18.0,2020-10-30
Purdue,2020-10-31,57735.0,1763,"Tippecanoe, Indiana, US",18157.0,Tippecanoe,Indiana,4421.0,16.0,2020-10-31,18157.0,Tippecanoe County,Indiana,195732.0,Tippecanoe,Indiana,2910617.0,179358.0,4332.0,18.0,2020-10-31
Purdue,2020-11-01,58017.0,1785,"Tippecanoe, Indiana, US",18157.0,Tippecanoe,Indiana,4499.0,17.0,2020-11-01,18157.0,Tippecanoe County,Indiana,195732.0,Tippecanoe,Indiana,2941037.0,182108.0,4364.0,18.0,2020-11-01
Purdue,2020-11-02,58972.0,1813,"Tippecanoe, Indiana, US",18157.0,Tippecanoe,Indiana,4622.0,17.0,2020-11-02,18157.0,Tippecanoe County,Indiana,195732.0,Tippecanoe,Indiana,2970330.0,185185.0,4390.0,18.0,2020-11-02
Purdue,2020-11-03,60296.0,1889,"Tippecanoe, Indiana, US",18157.0,Tippecanoe,Indiana,4688.0,17.0,2020-11-03,18157.0,Tippecanoe County,Indiana,195732.0,Tippecanoe,Indiana,2995343.0,188066.0,4439.0,18.0,2020-11-03
Purdue,2020-11-04,61773.0,2004,"Tippecanoe, Indiana, US",18157.0,Tippecanoe,Indiana,4816.0,17.0,2020-11-04,18157.0,Tippecanoe County,Indiana,195732.0,Tippecanoe,Indiana,3032762.0,191764.0,4464.0,18.0,2020-11-04
Purdue,2020-11-05,62829.0,2075,"Tippecanoe, Indiana, US",18157.0,Tippecanoe,Indiana,5003.0,18.0,2020-11-05,18157.0,Tippecanoe County,Indiana,195732.0,Tippecanoe,Indiana,3073855.0,196176.0,4511.0,18.0,2020-11-05
Purdue,2020-11-06,63738.0,2124,"Tippecanoe, Indiana, US",18157.0,Tippecanoe,Indiana,5137.0,19.0,2020-11-06,18157.0,Tippecanoe County,Indiana,195732.0,Tippecanoe,Indiana,3117069.0,200823.0,4547.0,18.0,2020-11-06
Purdue,2020-11-07,64130.0,2157,"Tippecanoe, Indiana, US",18157.0,Tippecanoe,Indiana,5294.0,22.0,2020-11-07,18157.0,Tippecanoe County,Indiana,195732.0,Tippecanoe,Indiana,3167518.0,205722.0,4592.0,18.0,2020-11-07
Purdue,2020-11-08,64488.0,2189,"Tippecanoe, Indiana, US",18157.0,Tippecanoe,Indiana,5446.0,22.0,2020-11-08,18157.0,Tippecanoe County,Indiana,195732.0,Tippecanoe,Indiana,3210666.0,210374.0,4629.0,18.0,2020-11-08
Purdue,2020-11-09,65703.0,2247,"Tippecanoe, Indiana, US",18157.0,Tippecanoe,Indiana,5570.0,22.0,2020-11-09,18157.0,Tippecanoe County,Indiana,195732.0,Tippecanoe,Indiana,3239034.0,214509.0,4664.0,18.0,2020-11-09
Purdue,2020-11-10,66857.0,2333,"Tippecanoe, Indiana, US",18157.0,Tippecanoe,Indiana,5746.0,22.0,2020-11-10,18157.0,Tippecanoe County,Indiana,195732.0,Tippecanoe,Indiana,3269653.0,219338.0,4731.0,18.0,2020-11-10
Purdue,2020-11-11,68465.0,2389,"Tippecanoe, Indiana, US",18157.0,Tippecanoe,Indiana,5842.0,22.0,2020-11-11,18157.0,Tippecanoe County,Indiana,195732.0,Tippecanoe,Indiana,3307845.0,224374.0,4762.0,18.0,2020-11-11
Purdue,2020-11-12,69527.0,2429,"Tippecanoe, Indiana, US",18157.0,Tippecanoe,Indiana,6046.0,23.0,2020-11-12,18157.0,Tippecanoe County,Indiana,195732.0,Tippecanoe,Indiana,3370098.0,230965.0,4813.0,18.0,2020-11-12
Purdue,2020-11-13,70494.0,2485,"Tippecanoe, Indiana, US",18157.0,Tippecanoe,Indiana,6132.0,23.0,2020-11-13,18157.0,Tippecanoe County,Indiana,195732.0,Tippecanoe,Indiana,3414373.0,236565.0,4863.0,18.0,2020-11-13
Purdue,2020-11-14,70807.0,2532,"Tippecanoe, Indiana, US",18157.0,Tippecanoe,Indiana,6418.0,23.0,2020-11-14,18157.0,Tippecanoe County,Indiana,195732.0,Tippecanoe,Indiana,3482745.0,244887.0,4888.0,18.0,2020-11-14
Ohio State,2020-08-13,0.0,0,"Franklin, Ohio, US",39049.0,Franklin,Ohio,19124.0,533.0,2020-08-13,39049.0,Franklin County,Ohio,1316756.0,Franklin,Ohio,1753307.0,105426.0,3755.0,39.0,2020-08-13
Ohio State,2020-08-14,472.0,6,"Franklin, Ohio, US",39049.0,Franklin,Ohio,19287.0,533.0,2020-08-14,39049.0,Franklin County,Ohio,1316756.0,Franklin,Ohio,1779409.0,106557.0,3784.0,39.0,2020-08-14
Ohio State,2020-08-15,1622.0,27,"Franklin, Ohio, US",39049.0,Franklin,Ohio,19437.0,537.0,2020-08-15,39049.0,Franklin County,Ohio,1316756.0,Franklin,Ohio,1802350.0,107674.0,3824.0,39.0,2020-08-15
Ohio State,2020-08-16,2861.0,50,"Franklin, Ohio, US",39049.0,Franklin,Ohio,19553.0,537.0,2020-08-16,39049.0,Franklin County,Ohio,1316756.0,Franklin,Ohio,1829645.0,108287.0,3826.0,39.0,2020-08-16
Ohio State,2020-08-17,4221.0,65,"Franklin, Ohio, US",39049.0,Franklin,Ohio,19683.0,537.0,2020-08-17,39049.0,Franklin County,Ohio,1316756.0,Franklin,Ohio,1849016.0,109062.0,3832.0,39.0,2020-08-17
Ohio State,2020-08-18,5372.0,75,"Franklin, Ohio, US",39049.0,Franklin,Ohio,19818.0,542.0,2020-08-18,39049.0,Franklin County,Ohio,1316756.0,Franklin,Ohio,1868998.0,109910.0,3866.0,39.0,2020-08-18
Ohio State,2020-08-19,6814.0,81,"Franklin, Ohio, US",39049.0,Franklin,Ohio,19980.0,545.0,2020-08-19,39049.0,Franklin County,Ohio,1316756.0,Franklin,Ohio,1888470.0,110881.0,3907.0,39.0,2020-08-19
Ohio State,2020-08-20,8345.0,89,"Franklin, Ohio, US",39049.0,Franklin,Ohio,20150.0,547.0,2020-08-20,39049.0,Franklin County,Ohio,1316756.0,Franklin,Ohio,1911359.0,112003.0,3929.0,39.0,2020-08-20
Ohio State,2020-08-21,9789.0,99,"Franklin, Ohio, US",39049.0,Franklin,Ohio,20316.0,551.0,2020-08-21,39049.0,Franklin County,Ohio,1316756.0,Franklin,Ohio,1936895.0,113046.0,3955.0,39.0,2020-08-21
Ohio State,2020-08-22,11220.0,111,"Franklin, Ohio, US",39049.0,Franklin,Ohio,20443.0,553.0,2020-08-22,39049.0,Franklin County,Ohio,1316756.0,Franklin,Ohio,1960628.0,114165.0,3975.0,39.0,2020-08-22
Ohio State,2020-08-23,11873.0,119,"Franklin, Ohio, US",39049.0,Franklin,Ohio,20534.0,553.0,2020-08-23,39049.0,Franklin County,Ohio,1316756.0,Franklin,Ohio,1983889.0,114802.0,3978.0,39.0,2020-08-23
Ohio State,2020-08-24,15138.0,207,"Franklin, Ohio, US",39049.0,Franklin,Ohio,20659.0,554.0,2020-08-24,39049.0,Franklin County,Ohio,1316756.0,Franklin,Ohio,2004200.0,115651.0,3986.0,39.0,2020-08-24
Ohio State,2020-08-25,18308.0,286,"Franklin, Ohio, US",39049.0,Franklin,Ohio,20794.0,554.0,2020-08-25,39049.0,Franklin County,Ohio,1316756.0,Franklin,Ohio,2027874.0,116495.0,3996.0,39.0,2020-08-25
Ohio State,2020-08-26,22549.0,417,"Franklin, Ohio, US",39049.0,Franklin,Ohio,20954.0,556.0,2020-08-26,39049.0,Franklin County,Ohio,1316756.0,Franklin,Ohio,2047906.0,117584.0,4044.0,39.0,2020-08-26
Ohio State,2020-08-27,24802.0,533,"Franklin, Ohio, US",39049.0,Franklin,Ohio,21133.0,556.0,2020-08-27,39049.0,Franklin County,Ohio,1316756.0,Franklin,Ohio,2116289.0,118828.0,4076.0,39.0,2020-08-27
Ohio State,2020-08-28,25080.0,562,"Franklin, Ohio, US",39049.0,Franklin,Ohio,21320.0,559.0,2020-08-28,39049.0,Franklin County,Ohio,1316756.0,Franklin,Ohio,2141055.0,120124.0,4105.0,39.0,2020-08-28
Ohio State,2020-08-29,25080.0,562,"Franklin, Ohio, US",39049.0,Franklin,Ohio,21497.0,582.0,2020-08-29,39049.0,Franklin County,Ohio,1316756.0,Franklin,Ohio,2171126.0,121320.0,4252.0,39.0,2020-08-29
Ohio State,2020-08-30,25080.0,562,"Franklin, Ohio, US",39049.0,Franklin,Ohio,21619.0,562.0,2020-08-30,39049.0,Franklin County,Ohio,1316756.0,Franklin,Ohio,2196860.0,122260.0,4129.0,39.0,2020-08-30
Ohio State,2020-08-31,29384.0,847,"Franklin, Ohio, US",39049.0,Franklin,Ohio,21785.0,562.0,2020-08-31,39049.0,Franklin County,Ohio,1316756.0,Franklin,Ohio,2244104.0,123155.0,4139.0,39.0,2020-08-31
Ohio State,2020-09-01,33562.0,1065,"Franklin, Ohio, US",39049.0,Franklin,Ohio,22005.0,563.0,2020-09-01,39049.0,Franklin County,Ohio,1316756.0,Franklin,Ohio,2269669.0,124606.0,4166.0,39.0,2020-09-01
Ohio State,2020-09-02,37140.0,1252,"Franklin, Ohio, US",39049.0,Franklin,Ohio,22161.0,563.0,2020-09-02,39049.0,Franklin County,Ohio,1316756.0,Franklin,Ohio,2292748.0,125767.0,4176.0,39.0,2020-09-02
Ohio State,2020-09-03,40255.0,1437,"Franklin, Ohio, US",39049.0,Franklin,Ohio,22392.0,565.0,2020-09-03,39049.0,Franklin County,Ohio,1316756.0,Franklin,Ohio,2319528.0,127112.0,4226.0,39.0,2020-09-03
Ohio State,2020-09-04,43167.0,1617,"Franklin, Ohio, US",39049.0,Franklin,Ohio,22629.0,565.0,2020-09-04,39049.0,Franklin County,Ohio,1316756.0,Franklin,Ohio,2349585.0,128444.0,4248.0,39.0,2020-09-04
Ohio State,2020-09-05,44186.0,1668,"Franklin, Ohio, US",39049.0,Franklin,Ohio,22935.0,565.0,2020-09-05,39049.0,Franklin County,Ohio,1316756.0,Franklin,Ohio,2377910.0,129785.0,4256.0,39.0,2020-09-05
Ohio State,2020-09-06,44186.0,1668,"Franklin, Ohio, US",39049.0,Franklin,Ohio,23099.0,565.0,2020-09-06,39049.0,Franklin County,Ohio,1316756.0,Franklin,Ohio,2404235.0,130558.0,4259.0,39.0,2020-09-06
Ohio State,2020-09-07,44186.0,1668,"Franklin, Ohio, US",39049.0,Franklin,Ohio,23295.0,567.0,2020-09-07,39049.0,Franklin County,Ohio,1316756.0,Franklin,Ohio,2426014.0,131336.0,4276.0,39.0,2020-09-07
Ohio State,2020-09-08,48841.0,1888,"Franklin, Ohio, US",39049.0,Franklin,Ohio,23477.0,570.0,2020-09-08,39049.0,Franklin County,Ohio,1316756.0,Franklin,Ohio,2449545.0,131992.0,4298.0,39.0,2020-09-08
Ohio State,2020-09-09,53460.0,2044,"Franklin, Ohio, US",39049.0,Franklin,Ohio,23763.0,572.0,2020-09-09,39049.0,Franklin County,Ohio,1316756.0,Franklin,Ohio,2470564.0,132965.0,4324.0,39.0,2020-09-09
Ohio State,2020-09-10,57357.0,2159,"Franklin, Ohio, US",39049.0,Franklin,Ohio,23994.0,573.0,2020-09-10,39049.0,Franklin County,Ohio,1316756.0,Franklin,Ohio,2490351.0,134086.0,4354.0,39.0,2020-09-10
Ohio State,2020-09-11,59385.0,2264,"Franklin, Ohio, US",39049.0,Franklin,Ohio,24144.0,577.0,2020-09-11,39049.0,Franklin County,Ohio,1316756.0,Franklin,Ohio,2519213.0,135326.0,4403.0,39.0,2020-09-11
Ohio State,2020-09-12,60735.0,2304,"Franklin, Ohio, US",39049.0,Franklin,Ohio,24419.0,579.0,2020-09-12,39049.0,Franklin County,Ohio,1316756.0,Franklin,Ohio,2567011.0,136568.0,4411.0,39.0,2020-09-12
Ohio State,2020-09-13,60797.0,2305,"Franklin, Ohio, US",39049.0,Franklin,Ohio,24590.0,579.0,2020-09-13,39049.0,Franklin County,Ohio,1316756.0,Franklin,Ohio,2593830.0,137405.0,4415.0,39.0,2020-09-13
Ohio State,2020-09-14,65375.0,2423,"Franklin, Ohio, US",39049.0,Franklin,Ohio,24832.0,579.0,2020-09-14,39049.0,Franklin County,Ohio,1316756.0,Franklin,Ohio,2623256.0,138484.0,4419.0,39.0,2020-09-14
Ohio State,2020-09-15,69387.0,2502,"Franklin, Ohio, US",39049.0,Franklin,Ohio,25067.0,593.0,2020-09-15,39049.0,Franklin County,Ohio,1316756.0,Franklin,Ohio,2659531.0,139485.0,4506.0,39.0,2020-09-15
Ohio State,2020-09-16,73077.0,2583,"Franklin, Ohio, US",39049.0,Franklin,Ohio,25274.0,599.0,2020-09-16,39049.0,Franklin County,Ohio,1316756.0,Franklin,Ohio,2689480.0,140518.0,4555.0,39.0,2020-09-16
Ohio State,2020-09-17,76098.0,2624,"Franklin, Ohio, US",39049.0,Franklin,Ohio,25445.0,600.0,2020-09-17,39049.0,Franklin County,Ohio,1316756.0,Franklin,Ohio,2718333.0,141585.0,4580.0,39.0,2020-09-17
Ohio State,2020-09-18,77838.0,2673,"Franklin, Ohio, US",39049.0,Franklin,Ohio,25658.0,603.0,2020-09-18,39049.0,Franklin County,Ohio,1316756.0,Franklin,Ohio,2753105.0,142596.0,4608.0,39.0,2020-09-18
Ohio State,2020-09-19,78270.0,2676,"Franklin, Ohio, US",39049.0,Franklin,Ohio,25846.0,603.0,2020-09-19,39049.0,Franklin County,Ohio,1316756.0,Franklin,Ohio,2788695.0,143547.0,4612.0,39.0,2020-09-19
Ohio State,2020-09-20,78270.0,2676,"Franklin, Ohio, US",39049.0,Franklin,Ohio,25977.0,603.0,2020-09-20,39049.0,Franklin County,Ohio,1316756.0,Franklin,Ohio,2825297.0,144309.0,4615.0,39.0,2020-09-20
Ohio State,2020-09-21,82378.0,2734,"Franklin, Ohio, US",39049.0,Franklin,Ohio,26134.0,603.0,2020-09-21,39049.0,Franklin County,Ohio,1316756.0,Franklin,Ohio,2856161.0,145165.0,4623.0,39.0,2020-09-21
Ohio State,2020-09-22,86132.0,2788,"Franklin, Ohio, US",39049.0,Franklin,Ohio,26242.0,603.0,2020-09-22,39049.0,Franklin County,Ohio,1316756.0,Franklin,Ohio,2888787.0,145850.0,4635.0,39.0,2020-09-22
Ohio State,2020-09-23,89916.0,2831,"Franklin, Ohio, US",39049.0,Franklin,Ohio,26393.0,606.0,2020-09-23,39049.0,Franklin County,Ohio,1316756.0,Franklin,Ohio,2931199.0,146753.0,4687.0,39.0,2020-09-23
Ohio State,2020-09-24,93367.0,2869,"Franklin, Ohio, US",39049.0,Franklin,Ohio,26545.0,606.0,2020-09-24,39049.0,Franklin County,Ohio,1316756.0,Franklin,Ohio,2955715.0,147744.0,4715.0,39.0,2020-09-24
Ohio State,2020-09-25,95497.0,2891,"Franklin, Ohio, US",39049.0,Franklin,Ohio,26704.0,607.0,2020-09-25,39049.0,Franklin County,Ohio,1316756.0,Franklin,Ohio,2995593.0,148894.0,4734.0,39.0,2020-09-25
Ohio State,2020-09-26,96212.0,2897,"Franklin, Ohio, US",39049.0,Franklin,Ohio,26872.0,607.0,2020-09-26,39049.0,Franklin County,Ohio,1316756.0,Franklin,Ohio,3033987.0,150009.0,4740.0,39.0,2020-09-26
Ohio State,2020-09-27,96279.0,2897,"Franklin, Ohio, US",39049.0,Franklin,Ohio,26961.0,607.0,2020-09-27,39049.0,Franklin County,Ohio,1316756.0,Franklin,Ohio,3071187.0,150809.0,4741.0,39.0,2020-09-27
Ohio State,2020-09-28,99864.0,2937,"Franklin, Ohio, US",39049.0,Franklin,Ohio,27119.0,607.0,2020-09-28,39049.0,Franklin County,Ohio,1316756.0,Franklin,Ohio,3106176.0,151802.0,4746.0,39.0,2020-09-28
Ohio State,2020-09-29,103626.0,2967,"Franklin, Ohio, US",39049.0,Franklin,Ohio,27283.0,615.0,2020-09-29,39049.0,Franklin County,Ohio,1316756.0,Franklin,Ohio,3141377.0,152907.0,4783.0,39.0,2020-09-29
Ohio State,2020-09-30,107155.0,2987,"Franklin, Ohio, US",39049.0,Franklin,Ohio,27424.0,615.0,2020-09-30,39049.0,Franklin County,Ohio,1316756.0,Franklin,Ohio,3165935.0,153987.0,4804.0,39.0,2020-09-30
Ohio State,2020-10-01,110534.0,3016,"Franklin, Ohio, US",39049.0,Franklin,Ohio,27600.0,615.0,2020-10-01,39049.0,Franklin County,Ohio,1316756.0,Franklin,Ohio,3240197.0,155314.0,4817.0,39.0,2020-10-01
Ohio State,2020-10-02,112661.0,3038,"Franklin, Ohio, US",39049.0,Franklin,Ohio,27770.0,629.0,2020-10-02,39049.0,Franklin County,Ohio,1316756.0,Franklin,Ohio,3271748.0,156809.0,4905.0,39.0,2020-10-02
Ohio State,2020-10-03,112682.0,3049,"Franklin, Ohio, US",39049.0,Franklin,Ohio,27908.0,630.0,2020-10-03,39049.0,Franklin County,Ohio,1316756.0,Franklin,Ohio,3318775.0,157966.0,4925.0,39.0,2020-10-03
Ohio State,2020-10-04,113464.0,3050,"Franklin, Ohio, US",39049.0,Franklin,Ohio,28014.0,630.0,2020-10-04,39049.0,Franklin County,Ohio,1316756.0,Franklin,Ohio,3356675.0,158907.0,4925.0,39.0,2020-10-04
Ohio State,2020-10-05,117272.0,3074,"Franklin, Ohio, US",39049.0,Franklin,Ohio,28131.0,631.0,2020-10-05,39049.0,Franklin County,Ohio,1316756.0,Franklin,Ohio,3388186.0,159964.0,4931.0,39.0,2020-10-05
Ohio State,2020-10-06,121169.0,3110,"Franklin, Ohio, US",39049.0,Franklin,Ohio,28291.0,633.0,2020-10-06,39049.0,Franklin County,Ohio,1316756.0,Franklin,Ohio,3427972.0,161299.0,4947.0,39.0,2020-10-06
Ohio State,2020-10-07,124993.0,3147,"Franklin, Ohio, US",39049.0,Franklin,Ohio,28520.0,633.0,2020-10-07,39049.0,Franklin County,Ohio,1316756.0,Franklin,Ohio,3458869.0,162723.0,4970.0,39.0,2020-10-07
Ohio State,2020-10-08,128796.0,3173,"Franklin, Ohio, US",39049.0,Franklin,Ohio,28661.0,633.0,2020-10-08,39049.0,Franklin County,Ohio,1316756.0,Franklin,Ohio,3489730.0,164262.0,4983.0,39.0,2020-10-08
Ohio State,2020-10-09,131231.0,3190,"Franklin, Ohio, US",39049.0,Franklin,Ohio,28841.0,635.0,2020-10-09,39049.0,Franklin County,Ohio,1316756.0,Franklin,Ohio,3537962.0,166102.0,4994.0,39.0,2020-10-09
Ohio State,2020-10-10,131983.0,3194,"Franklin, Ohio, US",39049.0,Franklin,Ohio,29005.0,635.0,2020-10-10,39049.0,Franklin County,Ohio,1316756.0,Franklin,Ohio,3583857.0,167458.0,4997.0,39.0,2020-10-10
Ohio State,2020-10-11,132016.0,3194,"Franklin, Ohio, US",39049.0,Franklin,Ohio,29141.0,635.0,2020-10-11,39049.0,Franklin County,Ohio,1316756.0,Franklin,Ohio,3623321.0,168749.0,4999.0,39.0,2020-10-11
Ohio State,2020-10-12,135891.0,3227,"Franklin, Ohio, US",39049.0,Franklin,Ohio,29327.0,635.0,2020-10-12,39049.0,Franklin County,Ohio,1316756.0,Franklin,Ohio,3661924.0,170179.0,5005.0,39.0,2020-10-12
Ohio State,2020-10-13,139780.0,3262,"Franklin, Ohio, US",39049.0,Franklin,Ohio,29507.0,635.0,2020-10-13,39049.0,Franklin County,Ohio,1316756.0,Franklin,Ohio,3698741.0,171626.0,5017.0,39.0,2020-10-13
Ohio State,2020-10-14,143441.0,3298,"Franklin, Ohio, US",39049.0,Franklin,Ohio,29698.0,635.0,2020-10-14,39049.0,Franklin County,Ohio,1316756.0,Franklin,Ohio,3726652.0,173665.0,5033.0,39.0,2020-10-14
Ohio State,2020-10-15,147137.0,3323,"Franklin, Ohio, US",39049.0,Franklin,Ohio,29901.0,635.0,2020-10-15,39049.0,Franklin County,Ohio,1316756.0,Franklin,Ohio,3760979.0,175843.0,5038.0,39.0,2020-10-15
Ohio State,2020-10-16,149765.0,3342,"Franklin, Ohio, US",39049.0,Franklin,Ohio,30157.0,635.0,2020-10-16,39049.0,Franklin County,Ohio,1316756.0,Franklin,Ohio,3803487.0,177991.0,5054.0,39.0,2020-10-16
Ohio State,2020-10-17,150491.0,3347,"Franklin, Ohio, US",39049.0,Franklin,Ohio,30401.0,635.0,2020-10-17,39049.0,Franklin County,Ohio,1316756.0,Franklin,Ohio,3854399.0,180225.0,5067.0,39.0,2020-10-17
Ohio State,2020-10-18,150491.0,3347,"Franklin, Ohio, US",39049.0,Franklin,Ohio,30590.0,635.0,2020-10-18,39049.0,Franklin County,Ohio,1316756.0,Franklin,Ohio,3900649.0,181787.0,5067.0,39.0,2020-10-18
Ohio State,2020-10-19,153806.0,3383,"Franklin, Ohio, US",39049.0,Franklin,Ohio,30777.0,635.0,2020-10-19,39049.0,Franklin County,Ohio,1316756.0,Franklin,Ohio,3941567.0,183624.0,5075.0,39.0,2020-10-19
Ohio State,2020-10-20,157457.0,3409,"Franklin, Ohio, US",39049.0,Franklin,Ohio,30978.0,635.0,2020-10-20,39049.0,Franklin County,Ohio,1316756.0,Franklin,Ohio,3979414.0,185639.0,5083.0,39.0,2020-10-20
Ohio State,2020-10-21,161281.0,3442,"Franklin, Ohio, US",39049.0,Franklin,Ohio,31221.0,639.0,2020-10-21,39049.0,Franklin County,Ohio,1316756.0,Franklin,Ohio,4011513.0,188005.0,5149.0,39.0,2020-10-21
Ohio State,2020-10-22,165506.0,3482,"Franklin, Ohio, US",39049.0,Franklin,Ohio,31466.0,640.0,2020-10-22,39049.0,Franklin County,Ohio,1316756.0,Franklin,Ohio,4055125.0,190430.0,5161.0,39.0,2020-10-22
Ohio State,2020-10-23,168664.0,3517,"Franklin, Ohio, US",39049.0,Franklin,Ohio,31703.0,640.0,2020-10-23,39049.0,Franklin County,Ohio,1316756.0,Franklin,Ohio,4101393.0,192948.0,5184.0,39.0,2020-10-23
Ohio State,2020-10-24,169395.0,3521,"Franklin, Ohio, US",39049.0,Franklin,Ohio,31999.0,642.0,2020-10-24,39049.0,Franklin County,Ohio,1316756.0,Franklin,Ohio,4149769.0,195806.0,5206.0,39.0,2020-10-24
Ohio State,2020-10-25,169395.0,3521,"Franklin, Ohio, US",39049.0,Franklin,Ohio,32241.0,642.0,2020-10-25,39049.0,Franklin County,Ohio,1316756.0,Franklin,Ohio,4199457.0,198115.0,5206.0,39.0,2020-10-25
Ohio State,2020-10-26,173185.0,3560,"Franklin, Ohio, US",39049.0,Franklin,Ohio,32468.0,642.0,2020-10-26,39049.0,Franklin County,Ohio,1316756.0,Franklin,Ohio,4235663.0,200231.0,5217.0,39.0,2020-10-26
Ohio State,2020-10-27,176821.0,3597,"Franklin, Ohio, US",39049.0,Franklin,Ohio,32767.0,642.0,2020-10-27,39049.0,Franklin County,Ohio,1316756.0,Franklin,Ohio,4282604.0,202740.0,5239.0,39.0,2020-10-27
Ohio State,2020-10-28,180630.0,3653,"Franklin, Ohio, US",39049.0,Franklin,Ohio,33084.0,643.0,2020-10-28,39049.0,Franklin County,Ohio,1316756.0,Franklin,Ohio,4314037.0,205347.0,5256.0,39.0,2020-10-28
Ohio State,2020-10-29,184062.0,3681,"Franklin, Ohio, US",39049.0,Franklin,Ohio,33397.0,643.0,2020-10-29,39049.0,Franklin County,Ohio,1316756.0,Franklin,Ohio,4365090.0,208937.0,5275.0,39.0,2020-10-29
Ohio State,2020-10-30,187347.0,3698,"Franklin, Ohio, US",39049.0,Franklin,Ohio,33858.0,643.0,2020-10-30,39049.0,Franklin County,Ohio,1316756.0,Franklin,Ohio,4413936.0,212782.0,5291.0,39.0,2020-10-30
Ohio State,2020-10-31,188123.0,3709,"Franklin, Ohio, US",39049.0,Franklin,Ohio,34104.0,643.0,2020-10-31,39049.0,Franklin County,Ohio,1316756.0,Franklin,Ohio,4471680.0,215697.0,5301.0,39.0,2020-10-31
Ohio State,2020-11-01,188123.0,3709,"Franklin, Ohio, US",39049.0,Franklin,Ohio,34517.0,643.0,2020-11-01,39049.0,Franklin County,Ohio,1316756.0,Franklin,Ohio,4524758.0,219000.0,5303.0,39.0,2020-11-01
Ohio State,2020-11-02,192091.0,3769,"Franklin, Ohio, US",39049.0,Franklin,Ohio,34871.0,643.0,2020-11-02,39049.0,Franklin County,Ohio,1316756.0,Franklin,Ohio,4564903.0,221909.0,5340.0,39.0,2020-11-02
Ohio State,2020-11-03,196035.0,3842,"Franklin, Ohio, US",39049.0,Franklin,Ohio,35292.0,643.0,2020-11-03,39049.0,Franklin County,Ohio,1316756.0,Franklin,Ohio,4604715.0,226138.0,5373.0,39.0,2020-11-03
Ohio State,2020-11-04,199985.0,3903,"Franklin, Ohio, US",39049.0,Franklin,Ohio,35700.0,643.0,2020-11-04,39049.0,Franklin County,Ohio,1316756.0,Franklin,Ohio,4644416.0,230209.0,5428.0,39.0,2020-11-04
Ohio State,2020-11-05,204063.0,3982,"Franklin, Ohio, US",39049.0,Franklin,Ohio,36228.0,643.0,2020-11-05,39049.0,Franklin County,Ohio,1316756.0,Franklin,Ohio,4695806.0,235170.0,5461.0,39.0,2020-11-05
Ohio State,2020-11-06,204588.0,4030,"Franklin, Ohio, US",39049.0,Franklin,Ohio,36812.0,643.0,2020-11-06,39049.0,Franklin County,Ohio,1316756.0,Franklin,Ohio,4700814.0,240178.0,5494.0,39.0,2020-11-06
Ohio State,2020-11-07,205463.0,4040,"Franklin, Ohio, US",39049.0,Franklin,Ohio,37523.0,643.0,2020-11-07,39049.0,Franklin County,Ohio,1316756.0,Franklin,Ohio,4808908.0,245727.0,5506.0,39.0,2020-11-07
Ohio State,2020-11-08,205463.0,4040,"Franklin, Ohio, US",39049.0,Franklin,Ohio,38022.0,643.0,2020-11-08,39049.0,Franklin County,Ohio,1316756.0,Franklin,Ohio,4868460.0,250268.0,5517.0,39.0,2020-11-08
Ohio State,2020-11-09,210755.0,4197,"Franklin, Ohio, US",39049.0,Franklin,Ohio,38504.0,643.0,2020-11-09,39049.0,Franklin County,Ohio,1316756.0,Franklin,Ohio,4918126.0,254974.0,5524.0,39.0,2020-11-09
Ohio State,2020-11-10,215635.0,4343,"Franklin, Ohio, US",39049.0,Franklin,Ohio,39230.0,643.0,2020-11-10,39049.0,Franklin County,Ohio,1316756.0,Franklin,Ohio,4964229.0,261482.0,5547.0,39.0,2020-11-10
Ohio State,2020-11-11,215635.0,4343,"Franklin, Ohio, US",39049.0,Franklin,Ohio,39917.0,645.0,2020-11-11,39049.0,Franklin County,Ohio,1316756.0,Franklin,Ohio,5009783.0,267356.0,5623.0,39.0,2020-11-11
Ohio State,2020-11-12,221055.0,4527,"Franklin, Ohio, US",39049.0,Franklin,Ohio,40621.0,646.0,2020-11-12,39049.0,Franklin County,Ohio,1316756.0,Franklin,Ohio,5066497.0,274457.0,5658.0,39.0,2020-11-12
Ohio State,2020-11-13,225009.0,4636,"Franklin, Ohio, US",39049.0,Franklin,Ohio,41295.0,651.0,2020-11-13,39049.0,Franklin County,Ohio,1316756.0,Franklin,Ohio,5132781.0,282528.0,5700.0,39.0,2020-11-13
Ohio State,2020-11-14,226082.0,4662,"Franklin, Ohio, US",39049.0,Franklin,Ohio,42123.0,651.0,2020-11-14,39049.0,Franklin County,Ohio,1316756.0,Franklin,Ohio,5195015.0,290243.0,5714.0,39.0,2020-11-14
UW-Madison,2020-08-07,40.0,1,"Dane, Wisconsin, US",55025.0,Dane,Wisconsin,4436.0,38.0,2020-08-07,55025.0,Dane County,Wisconsin,546695.0,Dane,Wisconsin,1037976.0,58768.0,990.0,55.0,2020-08-07
UW-Madison,2020-08-08,72.0,2,"Dane, Wisconsin, US",55025.0,Dane,Wisconsin,4492.0,38.0,2020-08-08,55025.0,Dane County,Wisconsin,546695.0,Dane,Wisconsin,1051158.0,59933.0,996.0,55.0,2020-08-08
UW-Madison,2020-08-09,74.0,2,"Dane, Wisconsin, US",55025.0,Dane,Wisconsin,4536.0,39.0,2020-08-09,55025.0,Dane County,Wisconsin,546695.0,Dane,Wisconsin,1058577.0,60554.0,998.0,55.0,2020-08-09
UW-Madison,2020-08-10,74.0,2,"Dane, Wisconsin, US",55025.0,Dane,Wisconsin,4554.0,38.0,2020-08-10,55025.0,Dane County,Wisconsin,546695.0,Dane,Wisconsin,1066758.0,61061.0,998.0,55.0,2020-08-10
UW-Madison,2020-08-11,149.0,2,"Dane, Wisconsin, US",55025.0,Dane,Wisconsin,4578.0,38.0,2020-08-11,55025.0,Dane County,Wisconsin,546695.0,Dane,Wisconsin,1080400.0,61785.0,1006.0,55.0,2020-08-11
UW-Madison,2020-08-12,208.0,6,"Dane, Wisconsin, US",55025.0,Dane,Wisconsin,4630.0,38.0,2020-08-12,55025.0,Dane County,Wisconsin,546695.0,Dane,Wisconsin,1090377.0,62263.0,1011.0,55.0,2020-08-12
UW-Madison,2020-08-13,322.0,7,"Dane, Wisconsin, US",55025.0,Dane,Wisconsin,4666.0,38.0,2020-08-13,55025.0,Dane County,Wisconsin,546695.0,Dane,Wisconsin,1102817.0,63206.0,1018.0,55.0,2020-08-13
UW-Madison,2020-08-14,579.0,8,"Dane, Wisconsin, US",55025.0,Dane,Wisconsin,4749.0,38.0,2020-08-14,55025.0,Dane County,Wisconsin,546695.0,Dane,Wisconsin,1113294.0,64227.0,1025.0,55.0,2020-08-14
UW-Madison,2020-08-15,719.0,11,"Dane, Wisconsin, US",55025.0,Dane,Wisconsin,4783.0,39.0,2020-08-15,55025.0,Dane County,Wisconsin,546695.0,Dane,Wisconsin,1124666.0,65056.0,1038.0,55.0,2020-08-15
UW-Madison,2020-08-16,755.0,12,"Dane, Wisconsin, US",55025.0,Dane,Wisconsin,4849.0,39.0,2020-08-16,55025.0,Dane County,Wisconsin,546695.0,Dane,Wisconsin,1130779.0,65741.0,1039.0,55.0,2020-08-16
UW-Madison,2020-08-17,756.0,12,"Dane, Wisconsin, US",55025.0,Dane,Wisconsin,4874.0,39.0,2020-08-17,55025.0,Dane County,Wisconsin,546695.0,Dane,Wisconsin,1136755.0,66196.0,1039.0,55.0,2020-08-17
UW-Madison,2020-08-18,1082.0,17,"Dane, Wisconsin, US",55025.0,Dane,Wisconsin,4874.0,39.0,2020-08-18,55025.0,Dane County,Wisconsin,546695.0,Dane,Wisconsin,1146821.0,66196.0,1039.0,55.0,2020-08-18
UW-Madison,2020-08-19,1398.0,18,"Dane, Wisconsin, US",55025.0,Dane,Wisconsin,4924.0,39.0,2020-08-19,55025.0,Dane County,Wisconsin,546695.0,Dane,Wisconsin,1156297.0,67493.0,1060.0,55.0,2020-08-19
UW-Madison,2020-08-20,1719.0,18,"Dane, Wisconsin, US",55025.0,Dane,Wisconsin,4955.0,39.0,2020-08-20,55025.0,Dane County,Wisconsin,546695.0,Dane,Wisconsin,1166197.0,68233.0,1067.0,55.0,2020-08-20
UW-Madison,2020-08-21,2032.0,21,"Dane, Wisconsin, US",55025.0,Dane,Wisconsin,4998.0,39.0,2020-08-21,55025.0,Dane County,Wisconsin,546695.0,Dane,Wisconsin,1176789.0,69059.0,1068.0,55.0,2020-08-21
UW-Madison,2020-08-22,2270.0,24,"Dane, Wisconsin, US",55025.0,Dane,Wisconsin,5053.0,39.0,2020-08-22,55025.0,Dane County,Wisconsin,546695.0,Dane,Wisconsin,1185514.0,70009.0,1081.0,55.0,2020-08-22
UW-Madison,2020-08-23,2476.0,26,"Dane, Wisconsin, US",55025.0,Dane,Wisconsin,5088.0,39.0,2020-08-23,55025.0,Dane County,Wisconsin,546695.0,Dane,Wisconsin,1190354.0,70462.0,1081.0,55.0,2020-08-23
UW-Madison,2020-08-24,2476.0,26,"Dane, Wisconsin, US",55025.0,Dane,Wisconsin,5117.0,39.0,2020-08-24,55025.0,Dane County,Wisconsin,546695.0,Dane,Wisconsin,1195241.0,70854.0,1081.0,55.0,2020-08-24
UW-Madison,2020-08-25,2994.0,35,"Dane, Wisconsin, US",55025.0,Dane,Wisconsin,5161.0,39.0,2020-08-25,55025.0,Dane County,Wisconsin,546695.0,Dane,Wisconsin,1205277.0,71492.0,1094.0,55.0,2020-08-25
UW-Madison,2020-08-26,4562.0,55,"Dane, Wisconsin, US",55025.0,Dane,Wisconsin,5209.0,39.0,2020-08-26,55025.0,Dane County,Wisconsin,546695.0,Dane,Wisconsin,1215673.0,72260.0,1100.0,55.0,2020-08-26
UW-Madison,2020-08-27,5730.0,62,"Dane, Wisconsin, US",55025.0,Dane,Wisconsin,5294.0,39.0,2020-08-27,55025.0,Dane County,Wisconsin,546695.0,Dane,Wisconsin,1226498.0,73138.0,1111.0,55.0,2020-08-27
UW-Madison,2020-08-28,6666.0,76,"Dane, Wisconsin, US",55025.0,Dane,Wisconsin,5330.0,40.0,2020-08-28,55025.0,Dane County,Wisconsin,546695.0,Dane,Wisconsin,1235675.0,73981.0,1113.0,55.0,2020-08-28
UW-Madison,2020-08-29,7880.0,102,"Dane, Wisconsin, US",55025.0,Dane,Wisconsin,5387.0,40.0,2020-08-29,55025.0,Dane County,Wisconsin,546695.0,Dane,Wisconsin,1244470.0,74800.0,1119.0,55.0,2020-08-29
UW-Madison,2020-08-30,8861.0,116,"Dane, Wisconsin, US",55025.0,Dane,Wisconsin,5426.0,40.0,2020-08-30,55025.0,Dane County,Wisconsin,546695.0,Dane,Wisconsin,1249602.0,75337.0,1122.0,55.0,2020-08-30
UW-Madison,2020-08-31,9711.0,124,"Dane, Wisconsin, US",55025.0,Dane,Wisconsin,5429.0,40.0,2020-08-31,55025.0,Dane County,Wisconsin,546695.0,Dane,Wisconsin,1253422.0,75603.0,1122.0,55.0,2020-08-31
UW-Madison,2020-09-01,11372.0,173,"Dane, Wisconsin, US",55025.0,Dane,Wisconsin,5520.0,40.0,2020-09-01,55025.0,Dane County,Wisconsin,546695.0,Dane,Wisconsin,1265321.0,76584.0,1130.0,55.0,2020-09-01
UW-Madison,2020-09-02,12370.0,207,"Dane, Wisconsin, US",55025.0,Dane,Wisconsin,5564.0,40.0,2020-09-02,55025.0,Dane County,Wisconsin,546695.0,Dane,Wisconsin,1273730.0,77129.0,1142.0,55.0,2020-09-02
UW-Madison,2020-09-03,13457.0,245,"Dane, Wisconsin, US",55025.0,Dane,Wisconsin,5639.0,40.0,2020-09-03,55025.0,Dane County,Wisconsin,546695.0,Dane,Wisconsin,1282921.0,77856.0,1146.0,55.0,2020-09-03
UW-Madison,2020-09-04,15100.0,337,"Dane, Wisconsin, US",55025.0,Dane,Wisconsin,5799.0,40.0,2020-09-04,55025.0,Dane County,Wisconsin,546695.0,Dane,Wisconsin,1294667.0,79354.0,1153.0,55.0,2020-09-04
UW-Madison,2020-09-05,17111.0,455,"Dane, Wisconsin, US",55025.0,Dane,Wisconsin,5961.0,40.0,2020-09-05,55025.0,Dane County,Wisconsin,546695.0,Dane,Wisconsin,1302741.0,80300.0,1168.0,55.0,2020-09-05
UW-Madison,2020-09-06,19145.0,602,"Dane, Wisconsin, US",55025.0,Dane,Wisconsin,6118.0,40.0,2020-09-06,55025.0,Dane County,Wisconsin,546695.0,Dane,Wisconsin,1308247.0,81193.0,1168.0,55.0,2020-09-06
UW-Madison,2020-09-07,19239.0,622,"Dane, Wisconsin, US",55025.0,Dane,Wisconsin,6208.0,40.0,2020-09-07,55025.0,Dane County,Wisconsin,546695.0,Dane,Wisconsin,1313721.0,81760.0,1168.0,55.0,2020-09-07
UW-Madison,2020-09-08,19366.0,647,"Dane, Wisconsin, US",55025.0,Dane,Wisconsin,6427.0,40.0,2020-09-08,55025.0,Dane County,Wisconsin,546695.0,Dane,Wisconsin,1317836.0,82477.0,1168.0,55.0,2020-09-08
UW-Madison,2020-09-09,21767.0,937,"Dane, Wisconsin, US",55025.0,Dane,Wisconsin,6489.0,41.0,2020-09-09,55025.0,Dane County,Wisconsin,546695.0,Dane,Wisconsin,1326763.0,83334.0,1183.0,55.0,2020-09-09
UW-Madison,2020-09-10,24125.0,1156,"Dane, Wisconsin, US",55025.0,Dane,Wisconsin,6971.0,41.0,2020-09-10,55025.0,Dane County,Wisconsin,546695.0,Dane,Wisconsin,1335630.0,84881.0,1193.0,55.0,2020-09-10
UW-Madison,2020-09-11,25067.0,1223,"Dane, Wisconsin, US",55025.0,Dane,Wisconsin,7254.0,41.0,2020-09-11,55025.0,Dane County,Wisconsin,546695.0,Dane,Wisconsin,1345659.0,86250.0,1197.0,55.0,2020-09-11
UW-Madison,2020-09-12,26138.0,1299,"Dane, Wisconsin, US",55025.0,Dane,Wisconsin,7389.0,41.0,2020-09-12,55025.0,Dane County,Wisconsin,546695.0,Dane,Wisconsin,1357360.0,87603.0,1209.0,55.0,2020-09-12
UW-Madison,2020-09-13,28330.0,1487,"Dane, Wisconsin, US",55025.0,Dane,Wisconsin,7622.0,41.0,2020-09-13,55025.0,Dane County,Wisconsin,546695.0,Dane,Wisconsin,1365137.0,89185.0,1210.0,55.0,2020-09-13
UW-Madison,2020-09-14,28357.0,1489,"Dane, Wisconsin, US",55025.0,Dane,Wisconsin,7846.0,41.0,2020-09-14,55025.0,Dane County,Wisconsin,546695.0,Dane,Wisconsin,1369104.0,89956.0,1210.0,55.0,2020-09-14
UW-Madison,2020-09-15,28749.0,1500,"Dane, Wisconsin, US",55025.0,Dane,Wisconsin,7896.0,41.0,2020-09-15,55025.0,Dane County,Wisconsin,546695.0,Dane,Wisconsin,1381463.0,91304.0,1220.0,55.0,2020-09-15
UW-Madison,2020-09-16,30636.0,1627,"Dane, Wisconsin, US",55025.0,Dane,Wisconsin,7984.0,41.0,2020-09-16,55025.0,Dane County,Wisconsin,546695.0,Dane,Wisconsin,1393753.0,92712.0,1228.0,55.0,2020-09-16
UW-Madison,2020-09-17,32144.0,1714,"Dane, Wisconsin, US",55025.0,Dane,Wisconsin,8242.0,41.0,2020-09-17,55025.0,Dane County,Wisconsin,546695.0,Dane,Wisconsin,1405298.0,94746.0,1231.0,55.0,2020-09-17
UW-Madison,2020-09-18,33689.0,1789,"Dane, Wisconsin, US",55025.0,Dane,Wisconsin,8455.0,41.0,2020-09-18,55025.0,Dane County,Wisconsin,546695.0,Dane,Wisconsin,1418412.0,97279.0,1238.0,55.0,2020-09-18
UW-Madison,2020-09-19,35334.0,1853,"Dane, Wisconsin, US",55025.0,Dane,Wisconsin,8635.0,41.0,2020-09-19,55025.0,Dane County,Wisconsin,546695.0,Dane,Wisconsin,1431004.0,99562.0,1241.0,55.0,2020-09-19
UW-Madison,2020-09-20,36289.0,1899,"Dane, Wisconsin, US",55025.0,Dane,Wisconsin,8815.0,41.0,2020-09-20,55025.0,Dane County,Wisconsin,546695.0,Dane,Wisconsin,1439394.0,101227.0,1242.0,55.0,2020-09-20
UW-Madison,2020-09-21,36299.0,1902,"Dane, Wisconsin, US",55025.0,Dane,Wisconsin,8895.0,41.0,2020-09-21,55025.0,Dane County,Wisconsin,546695.0,Dane,Wisconsin,1446215.0,102498.0,1244.0,55.0,2020-09-21
UW-Madison,2020-09-22,36971.0,1915,"Dane, Wisconsin, US",55025.0,Dane,Wisconsin,8947.0,41.0,2020-09-22,55025.0,Dane County,Wisconsin,546695.0,Dane,Wisconsin,1458819.0,104170.0,1251.0,55.0,2020-09-22
UW-Madison,2020-09-23,38333.0,1947,"Dane, Wisconsin, US",55025.0,Dane,Wisconsin,9040.0,41.0,2020-09-23,55025.0,Dane County,Wisconsin,546695.0,Dane,Wisconsin,1472405.0,105932.0,1259.0,55.0,2020-09-23
UW-Madison,2020-09-24,39607.0,1982,"Dane, Wisconsin, US",55025.0,Dane,Wisconsin,9203.0,41.0,2020-09-24,55025.0,Dane County,Wisconsin,546695.0,Dane,Wisconsin,1485770.0,108324.0,1265.0,55.0,2020-09-24
UW-Madison,2020-09-25,41265.0,2004,"Dane, Wisconsin, US",55025.0,Dane,Wisconsin,9345.0,41.0,2020-09-25,55025.0,Dane County,Wisconsin,546695.0,Dane,Wisconsin,1500974.0,110828.0,1274.0,55.0,2020-09-25
UW-Madison,2020-09-26,42136.0,2022,"Dane, Wisconsin, US",55025.0,Dane,Wisconsin,9488.0,41.0,2020-09-26,55025.0,Dane County,Wisconsin,546695.0,Dane,Wisconsin,1513643.0,113645.0,1281.0,55.0,2020-09-26
UW-Madison,2020-09-27,42591.0,2033,"Dane, Wisconsin, US",55025.0,Dane,Wisconsin,9607.0,41.0,2020-09-27,55025.0,Dane County,Wisconsin,546695.0,Dane,Wisconsin,1521696.0,115862.0,1281.0,55.0,2020-09-27
UW-Madison,2020-09-28,42595.0,2033,"Dane, Wisconsin, US",55025.0,Dane,Wisconsin,9763.0,41.0,2020-09-28,55025.0,Dane County,Wisconsin,546695.0,Dane,Wisconsin,1529594.0,117588.0,1283.0,55.0,2020-09-28
UW-Madison,2020-09-29,44573.0,2049,"Dane, Wisconsin, US",55025.0,Dane,Wisconsin,9857.0,42.0,2020-09-29,55025.0,Dane County,Wisconsin,546695.0,Dane,Wisconsin,1540438.0,119955.0,1300.0,55.0,2020-09-29
UW-Madison,2020-09-30,46325.0,2069,"Dane, Wisconsin, US",55025.0,Dane,Wisconsin,10129.0,43.0,2020-09-30,55025.0,Dane County,Wisconsin,546695.0,Dane,Wisconsin,1552370.0,122274.0,1327.0,55.0,2020-09-30
UW-Madison,2020-10-01,47772.0,2078,"Dane, Wisconsin, US",55025.0,Dane,Wisconsin,10201.0,43.0,2020-10-01,55025.0,Dane County,Wisconsin,546695.0,Dane,Wisconsin,1566844.0,125161.0,1348.0,55.0,2020-10-01
UW-Madison,2020-10-02,48937.0,2088,"Dane, Wisconsin, US",55025.0,Dane,Wisconsin,10217.0,43.0,2020-10-02,55025.0,Dane County,Wisconsin,546695.0,Dane,Wisconsin,1580519.0,127906.0,1353.0,55.0,2020-10-02
UW-Madison,2020-10-03,50553.0,2103,"Dane, Wisconsin, US",55025.0,Dane,Wisconsin,10339.0,43.0,2020-10-03,55025.0,Dane County,Wisconsin,546695.0,Dane,Wisconsin,1594765.0,130798.0,1372.0,55.0,2020-10-03
UW-Madison,2020-10-04,50858.0,2105,"Dane, Wisconsin, US",55025.0,Dane,Wisconsin,10452.0,43.0,2020-10-04,55025.0,Dane County,Wisconsin,546695.0,Dane,Wisconsin,1605641.0,132663.0,1377.0,55.0,2020-10-04
UW-Madison,2020-10-05,50859.0,2105,"Dane, Wisconsin, US",55025.0,Dane,Wisconsin,10514.0,43.0,2020-10-05,55025.0,Dane County,Wisconsin,546695.0,Dane,Wisconsin,1614232.0,134359.0,1381.0,55.0,2020-10-05
UW-Madison,2020-10-06,52252.0,2115,"Dane, Wisconsin, US",55025.0,Dane,Wisconsin,10671.0,43.0,2020-10-06,55025.0,Dane County,Wisconsin,546695.0,Dane,Wisconsin,1625846.0,136379.0,1399.0,55.0,2020-10-06
UW-Madison,2020-10-07,54023.0,2127,"Dane, Wisconsin, US",55025.0,Dane,Wisconsin,10734.0,43.0,2020-10-07,55025.0,Dane County,Wisconsin,546695.0,Dane,Wisconsin,1639497.0,138698.0,1415.0,55.0,2020-10-07
UW-Madison,2020-10-08,56122.0,2144,"Dane, Wisconsin, US",55025.0,Dane,Wisconsin,10841.0,43.0,2020-10-08,55025.0,Dane County,Wisconsin,546695.0,Dane,Wisconsin,1656295.0,141830.0,1424.0,55.0,2020-10-08
UW-Madison,2020-10-09,57845.0,2163,"Dane, Wisconsin, US",55025.0,Dane,Wisconsin,11035.0,43.0,2020-10-09,55025.0,Dane County,Wisconsin,546695.0,Dane,Wisconsin,1671293.0,144818.0,1440.0,55.0,2020-10-09
UW-Madison,2020-10-10,59249.0,2177,"Dane, Wisconsin, US",55025.0,Dane,Wisconsin,11240.0,43.0,2020-10-10,55025.0,Dane County,Wisconsin,546695.0,Dane,Wisconsin,1685908.0,147560.0,1458.0,55.0,2020-10-10
UW-Madison,2020-10-11,59762.0,2184,"Dane, Wisconsin, US",55025.0,Dane,Wisconsin,11421.0,43.0,2020-10-11,55025.0,Dane County,Wisconsin,546695.0,Dane,Wisconsin,1696192.0,150236.0,1465.0,55.0,2020-10-11
UW-Madison,2020-10-12,60352.0,2199,"Dane, Wisconsin, US",55025.0,Dane,Wisconsin,11585.0,43.0,2020-10-12,55025.0,Dane County,Wisconsin,546695.0,Dane,Wisconsin,1706023.0,152192.0,1474.0,55.0,2020-10-12
UW-Madison,2020-10-13,61876.0,2216,"Dane, Wisconsin, US",55025.0,Dane,Wisconsin,11693.0,45.0,2020-10-13,55025.0,Dane County,Wisconsin,546695.0,Dane,Wisconsin,1720713.0,155471.0,1508.0,55.0,2020-10-13
UW-Madison,2020-10-14,64071.0,2232,"Dane, Wisconsin, US",55025.0,Dane,Wisconsin,11855.0,46.0,2020-10-14,55025.0,Dane County,Wisconsin,546695.0,Dane,Wisconsin,1735471.0,158578.0,1536.0,55.0,2020-10-14
UW-Madison,2020-10-15,65925.0,2252,"Dane, Wisconsin, US",55025.0,Dane,Wisconsin,12072.0,46.0,2020-10-15,55025.0,Dane County,Wisconsin,546695.0,Dane,Wisconsin,1750966.0,162325.0,1553.0,55.0,2020-10-15
UW-Madison,2020-10-16,67589.0,2270,"Dane, Wisconsin, US",55025.0,Dane,Wisconsin,12296.0,46.0,2020-10-16,55025.0,Dane County,Wisconsin,546695.0,Dane,Wisconsin,1765796.0,166186.0,1574.0,55.0,2020-10-16
UW-Madison,2020-10-17,68963.0,2282,"Dane, Wisconsin, US",55025.0,Dane,Wisconsin,12296.0,46.0,2020-10-17,55025.0,Dane County,Wisconsin,546695.0,Dane,Wisconsin,1765796.0,166186.0,1574.0,55.0,2020-10-17
UW-Madison,2020-10-18,68973.0,2282,"Dane, Wisconsin, US",55025.0,Dane,Wisconsin,12296.0,46.0,2020-10-18,55025.0,Dane County,Wisconsin,546695.0,Dane,Wisconsin,1765796.0,166186.0,1574.0,55.0,2020-10-18
UW-Madison,2020-10-19,69237.0,2286,"Dane, Wisconsin, US",55025.0,Dane,Wisconsin,13052.0,46.0,2020-10-19,55025.0,Dane County,Wisconsin,546695.0,Dane,Wisconsin,1886955.0,183142.0,1600.0,55.0,2020-10-19
UW-Madison,2020-10-20,70919.0,2313,"Dane, Wisconsin, US",55025.0,Dane,Wisconsin,13362.0,46.0,2020-10-20,55025.0,Dane County,Wisconsin,546695.0,Dane,Wisconsin,1900711.0,187828.0,1633.0,55.0,2020-10-20
UW-Madison,2020-10-21,72891.0,2341,"Dane, Wisconsin, US",55025.0,Dane,Wisconsin,13639.0,46.0,2020-10-21,55025.0,Dane County,Wisconsin,546695.0,Dane,Wisconsin,1910755.0,192191.0,1681.0,55.0,2020-10-21
UW-Madison,2020-10-22,74292.0,2355,"Dane, Wisconsin, US",55025.0,Dane,Wisconsin,13840.0,47.0,2020-10-22,55025.0,Dane County,Wisconsin,546695.0,Dane,Wisconsin,1926469.0,195823.0,1703.0,55.0,2020-10-22
UW-Madison,2020-10-23,75699.0,2365,"Dane, Wisconsin, US",55025.0,Dane,Wisconsin,14085.0,47.0,2020-10-23,55025.0,Dane County,Wisconsin,546695.0,Dane,Wisconsin,1944538.0,200466.0,1745.0,55.0,2020-10-23
UW-Madison,2020-10-24,77029.0,2383,"Dane, Wisconsin, US",55025.0,Dane,Wisconsin,14368.0,48.0,2020-10-24,55025.0,Dane County,Wisconsin,546695.0,Dane,Wisconsin,1962769.0,205139.0,1770.0,55.0,2020-10-24
UW-Madison,2020-10-25,77586.0,2394,"Dane, Wisconsin, US",55025.0,Dane,Wisconsin,14662.0,48.0,2020-10-25,55025.0,Dane County,Wisconsin,546695.0,Dane,Wisconsin,1976943.0,208917.0,1778.0,55.0,2020-10-25
UW-Madison,2020-10-26,77644.0,2396,"Dane, Wisconsin, US",55025.0,Dane,Wisconsin,14843.0,48.0,2020-10-26,55025.0,Dane County,Wisconsin,546695.0,Dane,Wisconsin,1989820.0,211928.0,1788.0,55.0,2020-10-26
UW-Madison,2020-10-27,79474.0,2436,"Dane, Wisconsin, US",55025.0,Dane,Wisconsin,15106.0,48.0,2020-10-27,55025.0,Dane County,Wisconsin,546695.0,Dane,Wisconsin,2006587.0,217429.0,1852.0,55.0,2020-10-27
UW-Madison,2020-10-28,81744.0,2490,"Dane, Wisconsin, US",55025.0,Dane,Wisconsin,15492.0,49.0,2020-10-28,55025.0,Dane County,Wisconsin,546695.0,Dane,Wisconsin,2016720.0,221559.0,1897.0,55.0,2020-10-28
UW-Madison,2020-10-29,83564.0,2524,"Dane, Wisconsin, US",55025.0,Dane,Wisconsin,15720.0,50.0,2020-10-29,55025.0,Dane County,Wisconsin,546695.0,Dane,Wisconsin,3198101.0,226704.0,1948.0,55.0,2020-10-29
UW-Madison,2020-10-30,84946.0,2542,"Dane, Wisconsin, US",55025.0,Dane,Wisconsin,16094.0,49.0,2020-10-30,55025.0,Dane County,Wisconsin,546695.0,Dane,Wisconsin,3235669.0,232061.0,1972.0,55.0,2020-10-30
UW-Madison,2020-10-31,87046.0,2586,"Dane, Wisconsin, US",55025.0,Dane,Wisconsin,16418.0,49.0,2020-10-31,55025.0,Dane County,Wisconsin,546695.0,Dane,Wisconsin,3289120.0,237869.0,2031.0,55.0,2020-10-31
UW-Madison,2020-11-01,87477.0,2601,"Dane, Wisconsin, US",55025.0,Dane,Wisconsin,16593.0,49.0,2020-11-01,55025.0,Dane County,Wisconsin,546695.0,Dane,Wisconsin,3310356.0,241422.0,2047.0,55.0,2020-11-01
UW-Madison,2020-11-02,87778.0,2609,"Dane, Wisconsin, US",55025.0,Dane,Wisconsin,16791.0,49.0,2020-11-02,55025.0,Dane County,Wisconsin,546695.0,Dane,Wisconsin,3327915.0,244927.0,2050.0,55.0,2020-11-02
UW-Madison,2020-11-03,90170.0,2663,"Dane, Wisconsin, US",55025.0,Dane,Wisconsin,17372.0,49.0,2020-11-03,55025.0,Dane County,Wisconsin,546695.0,Dane,Wisconsin,3377088.0,251031.0,2102.0,55.0,2020-11-03
UW-Madison,2020-11-04,92437.0,2712,"Dane, Wisconsin, US",55025.0,Dane,Wisconsin,17563.0,51.0,2020-11-04,55025.0,Dane County,Wisconsin,546695.0,Dane,Wisconsin,3408453.0,257287.0,2156.0,55.0,2020-11-04
UW-Madison,2020-11-05,94077.0,2748,"Dane, Wisconsin, US",55025.0,Dane,Wisconsin,17893.0,50.0,2020-11-05,55025.0,Dane County,Wisconsin,546695.0,Dane,Wisconsin,3440030.0,263571.0,2194.0,55.0,2020-11-05
UW-Madison,2020-11-06,96247.0,2815,"Dane, Wisconsin, US",55025.0,Dane,Wisconsin,18413.0,53.0,2020-11-06,55025.0,Dane County,Wisconsin,546695.0,Dane,Wisconsin,3497021.0,269982.0,2256.0,55.0,2020-11-06
UW-Madison,2020-11-07,98479.0,2881,"Dane, Wisconsin, US",55025.0,Dane,Wisconsin,18884.0,55.0,2020-11-07,55025.0,Dane County,Wisconsin,546695.0,Dane,Wisconsin,3540075.0,277503.0,2301.0,55.0,2020-11-07
UW-Madison,2020-11-08,98611.0,2892,"Dane, Wisconsin, US",55025.0,Dane,Wisconsin,19144.0,55.0,2020-11-08,55025.0,Dane County,Wisconsin,546695.0,Dane,Wisconsin,3564737.0,281910.0,2312.0,55.0,2020-11-08
UW-Madison,2020-11-09,99244.0,2917,"Dane, Wisconsin, US",55025.0,Dane,Wisconsin,19418.0,55.0,2020-11-09,55025.0,Dane County,Wisconsin,546695.0,Dane,Wisconsin,3597294.0,286380.0,2329.0,55.0,2020-11-09
UW-Madison,2020-11-10,101230.0,2968,"Dane, Wisconsin, US",55025.0,Dane,Wisconsin,20116.0,56.0,2020-11-10,55025.0,Dane County,Wisconsin,546695.0,Dane,Wisconsin,3644867.0,293812.0,2395.0,55.0,2020-11-10
UW-Madison,2020-11-11,103372.0,3052,"Dane, Wisconsin, US",55025.0,Dane,Wisconsin,20572.0,56.0,2020-11-11,55025.0,Dane County,Wisconsin,546695.0,Dane,Wisconsin,3679124.0,301349.0,2457.0,55.0,2020-11-11
UW-Madison,2020-11-12,105791.0,3146,"Dane, Wisconsin, US",55025.0,Dane,Wisconsin,21201.0,59.0,2020-11-12,55025.0,Dane County,Wisconsin,546695.0,Dane,Wisconsin,3728583.0,309572.0,2621.0,55.0,2020-11-12
UW-Madison,2020-11-13,108877.0,3258,"Dane, Wisconsin, US",55025.0,Dane,Wisconsin,21670.0,63.0,2020-11-13,55025.0,Dane County,Wisconsin,546695.0,Dane,Wisconsin,3768197.0,318023.0,2683.0,55.0,2020-11-13
UW-Madison,2020-11-14,110945.0,3339,"Dane, Wisconsin, US",55025.0,Dane,Wisconsin,21965.0,63.0,2020-11-14,55025.0,Dane County,Wisconsin,546695.0,Dane,Wisconsin,3822407.0,323604.0,2739.0,55.0,2020-11-14
Illinois,2020-11-15,821485.0,3796,"Champaign, Illinois, US",17019.0,,,,,,,,,,,,,,,,
Illinois,2020-11-16,835030.0,3847,"Champaign, Illinois, US",17019.0,,,,,,,,,,,,,,,,
Illinois,2020-11-17,845285.0,3887,"Champaign, Illinois, US",17019.0,,,,,,,,,,,,,,,,
UW-Madison,2020-11-15,110951.0,3339,"Dane, Wisconsin, US",55025.0,,,,,,,,,,,,,,,,
UW-Madison,2020-11-16,110952.0,3339,"Dane, Wisconsin, US",55025.0,,,,,,,,,,,,,,,,
UW-Madison,2020-11-17,113721.0,3430,"Dane, Wisconsin, US",55025.0,,,,,,,,,,,,,,,,
Ohio State,2020-11-15,226082.0,4662,"Franklin, Ohio, US",39049.0,,,,,,,,,,,,,,,,
Ohio State,2020-11-16,234100.0,4839,"Franklin, Ohio, US",39049.0,,,,,,,,,,,,,,,,
Purdue,2020-11-15,71073.0,2594,"Tippecanoe, Indiana, US",18157.0,,,,,,,,,,,,,,,,
Purdue,2020-11-16,71883.0,2651,"Tippecanoe, Indiana, US",18157.0,,,,,,,,,,,,,,,,
